<metadata xml:lang="en"><Esri><CreaDate>20210209</CreaDate><CreaTime>08561800</CreaTime><ArcGISFormat>1.0</ArcGISFormat><SyncOnce>FALSE</SyncOnce><DataProperties><lineage><Process ToolSource="c:\program files (x86)\arcgis\desktop10.6\ArcToolbox\Toolboxes\Data Management Tools.tbx\Project" Date="20210208" Time="141106" Name="" export="">Project C:\temp\census2020\shape\tl_2020_48_tabblock20.shp C:\temp\census2020\shape\blk2020.shp PROJCS['NAD_1983_Lambert_Conformal_Conic',GEOGCS['GCS_North_American_1983',DATUM['D_North_American_1983',SPHEROID['GRS_1980',6378137.0,298.257222101]],PRIMEM['Greenwich',0.0],UNIT['Degree',0.0174532925199433]],PROJECTION['Lambert_Conformal_Conic'],PARAMETER['False_Easting',1000000.0],PARAMETER['False_Northing',1000000.0],PARAMETER['Central_Meridian',-100.0],PARAMETER['Standard_Parallel_1',27.41666666666667],PARAMETER['Standard_Parallel_2',34.91666666666666],PARAMETER['Latitude_Of_Origin',31.16666666666667],UNIT['Meter',1.0]] # GEOGCS['GCS_North_American_1983',DATUM['D_North_American_1983',SPHEROID['GRS_1980',6378137.0,298.257222101]],PRIMEM['Greenwich',0.0],UNIT['Degree',0.0174532925199433]] NO_PRESERVE_SHAPE # NO_VERTICAL</Process><Process ToolSource="c:\program files (x86)\arcgis\desktop10.6\ArcToolbox\Toolboxes\Data Management Tools.tbx\AddField" Date="20210208" Time="143015" Name="" export="">AddField C:\temp\census2020\shape\blk2020.shp BG TEXT # # 1 # NULLABLE NON_REQUIRED #</Process><Process ToolSource="c:\program files (x86)\arcgis\desktop10.6\ArcToolbox\Toolboxes\Data Management Tools.tbx\AddField" Date="20210208" Time="143047" Name="" export="">AddField C:\temp\census2020\shape\blk2020.shp BG TEXT # # 1 # NULLABLE NON_REQUIRED #</Process><Process ToolSource="c:\program files (x86)\arcgis\desktop10.6\ArcToolbox\Toolboxes\Data Management Tools.tbx\CalculateField" Date="20210208" Time="143400" Name="" export="">CalculateField C:\temp\census2020\shape\blk2020.shp BG Left( [BLOCKCE20],1 ) VB #</Process><Process ToolSource="c:\program files (x86)\arcgis\desktop10.6\ArcToolbox\Toolboxes\Data Management Tools.tbx\AddField" Date="20210208" Time="144302" Name="" export="">AddField C:\temp\census2020\shape\blk2020.shp State TEXT # # 2 # NULLABLE NON_REQUIRED #</Process><Process ToolSource="c:\program files (x86)\arcgis\desktop10.6\ArcToolbox\Toolboxes\Data Management Tools.tbx\AddField" Date="20210208" Time="144319" Name="" export="">AddField C:\temp\census2020\shape\blk2020.shp State TEXT # # 2 # NULLABLE NON_REQUIRED #</Process><Process ToolSource="c:\program files (x86)\arcgis\desktop10.6\ArcToolbox\Toolboxes\Data Management Tools.tbx\AddField" Date="20210208" Time="144432" Name="" export="">AddField C:\temp\census2020\shape\blk2020.shp CNTY TEXT # # 3 # NULLABLE NON_REQUIRED #</Process><Process ToolSource="c:\program files (x86)\arcgis\desktop10.6\ArcToolbox\Toolboxes\Data Management Tools.tbx\AddField" Date="20210208" Time="144526" Name="" export="">AddField C:\temp\census2020\shape\blk2020.shp TRT TEXT # # 6 # NULLABLE NON_REQUIRED #</Process><Process ToolSource="c:\program files (x86)\arcgis\desktop10.6\ArcToolbox\Toolboxes\Data Management Tools.tbx\AddField" Date="20210208" Time="144638" Name="" export="">AddField C:\temp\census2020\shape\blk2020.shp BLK TEXT # # 4 # NULLABLE NON_REQUIRED #</Process><Process ToolSource="c:\program files (x86)\arcgis\desktop10.6\ArcToolbox\Toolboxes\Data Management Tools.tbx\AddField" Date="20210208" Time="144748" Name="" export="">AddField C:\temp\census2020\shape\blk2020.shp BLKKey LONG # # 4 # NULLABLE NON_REQUIRED #</Process><Process ToolSource="c:\program files (x86)\arcgis\desktop10.6\ArcToolbox\Toolboxes\Data Management Tools.tbx\CalculateField" Date="20210208" Time="144957" Name="" export="">CalculateField C:\temp\census2020\shape\blk2020.shp CNTY [COUNTYFP20] VB #</Process><Process ToolSource="c:\program files (x86)\arcgis\desktop10.6\ArcToolbox\Toolboxes\Data Management Tools.tbx\CalculateField" Date="20210208" Time="145141" Name="" export="">CalculateField C:\temp\census2020\shape\blk2020.shp TRT [TRACTCE20] VB #</Process><Process ToolSource="c:\program files (x86)\arcgis\desktop10.6\ArcToolbox\Toolboxes\Data Management Tools.tbx\CalculateField" Date="20210208" Time="145328" Name="" export="">CalculateField C:\temp\census2020\shape\blk2020.shp BLK [BLOCKCE20] VB #</Process><Process ToolSource="c:\program files (x86)\arcgis\desktop10.6\ArcToolbox\Toolboxes\Data Management Tools.tbx\CalculateField" Date="20210208" Time="145743" Name="" export="">CalculateField C:\temp\census2020\shape\blk2020.shp State [STATEFP20] VB #</Process><Process ToolSource="c:\program files (x86)\arcgis\desktop10.6\ArcToolbox\Toolboxes\Data Management Tools.tbx\DeleteField" Date="20210208" Time="150142" Name="" export="">DeleteField C:\temp\census2020\shape\blk2020.shp STATEFP20;COUNTYFP20;TRACTCE20;BLOCKCE20</Process><Process ToolSource="c:\program files (x86)\arcgis\desktop10.6\ArcToolbox\Toolboxes\Data Management Tools.tbx\AddField" Date="20210208" Time="150254" Name="" export="">AddField C:\temp\census2020\shape\blk2020.shp SCTBKEY TEXT # # 15 # NULLABLE NON_REQUIRED #</Process><Process ToolSource="c:\program files (x86)\arcgis\desktop10.6\ArcToolbox\Toolboxes\Data Management Tools.tbx\CalculateField" Date="20210208" Time="150417" Name="" export="">CalculateField C:\temp\census2020\shape\blk2020.shp SCTBKEY "[GEOID20] " VB #</Process><Process ToolSource="c:\program files (x86)\arcgis\desktop10.6\ArcToolbox\Toolboxes\Data Management Tools.tbx\DeleteField" Date="20210208" Time="150537" Name="" export="">DeleteField C:\temp\census2020\shape\blk2020.shp GEOID20;BLKKey</Process><Process ToolSource="c:\program files (x86)\arcgis\desktop10.6\ArcToolbox\Toolboxes\Data Management Tools.tbx\Sort" Date="20210208" Time="150921" Name="" export="">Sort C:\temp\census2020\shape\blk2020.shp C:\temp\census2020\blk.shp "SCTBKEY ASCENDING" UR</Process><Process ToolSource="c:\program files (x86)\arcgis\desktop10.6\ArcToolbox\Toolboxes\Data Management Tools.tbx\JoinField" Date="20210208" Time="161339" Name="" export="">JoinField C:\temp\census2020\blk.shp SCTBKEY "Database Connections\TreadDev.sde\TREAD.dbo.blkkeylookup" sctbkey sctbg;sctkey;sckey;skey;blkkey;bgkey;trtkey;cntykey;stkey;cd</Process><Process ToolSource="c:\program files (x86)\arcgis\desktop10.6\ArcToolbox\Toolboxes\Data Management Tools.tbx\JoinField" Date="20210208" Time="210202" Name="" export="">JoinField C:\temp\census2020\blk.shp SCTBKEY "Database Connections\TreadDev.sde\TREAD.dbo.blkkeylookup2" sctbkey sctbg;sctkey;sckey;skey;blkkey;bgkey;trtkey;cntykey;stkey;cd</Process><Process ToolSource="c:\program files (x86)\arcgis\desktop10.6\ArcToolbox\Toolboxes\Data Management Tools.tbx\JoinField" Date="20210209" Time="112830" Name="" export="">JoinField C:\temp\Shape2020\blk.shp SCTBKEY "Database Connections\TreadDev.sde\Tread.dbo.blkkeylookup2" sctbkey vtd;vtdkey</Process><Process ToolSource="c:\program files (x86)\arcgis\desktop10.6\ArcToolbox\Toolboxes\Data Management Tools.tbx\Dissolve" Date="20210218" Time="122620" Name="" export="">Dissolve C:\temp\Shape2020\blk.shp C:\temp\shape2020\cnty.shp cntykey # MULTI_PART DISSOLVE_LINES</Process><Process ToolSource="c:\program files (x86)\arcgis\desktop10.6\ArcToolbox\Toolboxes\Data Management Tools.tbx\JoinField" Date="20210218" Time="125636" Name="" export="">JoinField C:\temp\shape2020\cnty.shp cntykey "Database Connections\TreadReportsDev.sde\TreadReports.dbo.Counties2020" CntyKey #</Process><Process ToolSource="c:\program files (x86)\arcgis\desktop10.6\ArcToolbox\Toolboxes\Data Management Tools.tbx\AddField" Date="20210218" Time="125638" Name="" export="">AddField C:\temp\shape2020\cnty.shp panglo DOUBLE # # # # NULLABLE NON_REQUIRED #</Process><Process ToolSource="c:\program files (x86)\arcgis\desktop10.6\ArcToolbox\Toolboxes\Data Management Tools.tbx\AddField" Date="20210218" Time="125639" Name="" export="">AddField C:\temp\shape2020\cnty.shp panglovap DOUBLE # # # # NULLABLE NON_REQUIRED #</Process><Process ToolSource="c:\program files (x86)\arcgis\desktop10.6\ArcToolbox\Toolboxes\Data Management Tools.tbx\AddField" Date="20210218" Time="125640" Name="" export="">AddField C:\temp\shape2020\cnty.shp panglocvap DOUBLE # # # # NULLABLE NON_REQUIRED #</Process><Process ToolSource="c:\program files (x86)\arcgis\desktop10.6\ArcToolbox\Toolboxes\Data Management Tools.tbx\AddField" Date="20210218" Time="125642" Name="" export="">AddField C:\temp\shape2020\cnty.shp pblack DOUBLE # # # # NULLABLE NON_REQUIRED #</Process><Process ToolSource="c:\program files (x86)\arcgis\desktop10.6\ArcToolbox\Toolboxes\Data Management Tools.tbx\AddField" Date="20210218" Time="125643" Name="" export="">AddField C:\temp\shape2020\cnty.shp pblackvap DOUBLE # # # # NULLABLE NON_REQUIRED #</Process><Process ToolSource="c:\program files (x86)\arcgis\desktop10.6\ArcToolbox\Toolboxes\Data Management Tools.tbx\AddField" Date="20210218" Time="125644" Name="" export="">AddField C:\temp\shape2020\cnty.shp pblackcvap DOUBLE # # # # NULLABLE NON_REQUIRED #</Process><Process ToolSource="c:\program files (x86)\arcgis\desktop10.6\ArcToolbox\Toolboxes\Data Management Tools.tbx\AddField" Date="20210218" Time="125646" Name="" export="">AddField C:\temp\shape2020\cnty.shp phisp DOUBLE # # # # NULLABLE NON_REQUIRED #</Process><Process ToolSource="c:\program files (x86)\arcgis\desktop10.6\ArcToolbox\Toolboxes\Data Management Tools.tbx\AddField" Date="20210218" Time="125647" Name="" export="">AddField C:\temp\shape2020\cnty.shp phispvap DOUBLE # # # # NULLABLE NON_REQUIRED #</Process><Process ToolSource="c:\program files (x86)\arcgis\desktop10.6\ArcToolbox\Toolboxes\Data Management Tools.tbx\AddField" Date="20210218" Time="125649" Name="" export="">AddField C:\temp\shape2020\cnty.shp phispcvap DOUBLE # # # # NULLABLE NON_REQUIRED #</Process><Process ToolSource="c:\program files (x86)\arcgis\desktop10.6\ArcToolbox\Toolboxes\Data Management Tools.tbx\AddField" Date="20210218" Time="125650" Name="" export="">AddField C:\temp\shape2020\cnty.shp pasian DOUBLE # # # # NULLABLE NON_REQUIRED #</Process><Process ToolSource="c:\program files (x86)\arcgis\desktop10.6\ArcToolbox\Toolboxes\Data Management Tools.tbx\AddField" Date="20210218" Time="125651" Name="" export="">AddField C:\temp\shape2020\cnty.shp pasianvap DOUBLE # # # # NULLABLE NON_REQUIRED #</Process><Process ToolSource="c:\program files (x86)\arcgis\desktop10.6\ArcToolbox\Toolboxes\Data Management Tools.tbx\AddField" Date="20210218" Time="125653" Name="" export="">AddField C:\temp\shape2020\cnty.shp pasiancvap DOUBLE # # # # NULLABLE NON_REQUIRED #</Process><Process ToolSource="c:\program files (x86)\arcgis\desktop10.6\ArcToolbox\Toolboxes\Data Management Tools.tbx\AddField" Date="20210218" Time="125654" Name="" export="">AddField C:\temp\shape2020\cnty.shp pnanglo DOUBLE # # # # NULLABLE NON_REQUIRED #</Process><Process ToolSource="c:\program files (x86)\arcgis\desktop10.6\ArcToolbox\Toolboxes\Data Management Tools.tbx\AddField" Date="20210218" Time="125656" Name="" export="">AddField C:\temp\shape2020\cnty.shp pnanglovap DOUBLE # # # # NULLABLE NON_REQUIRED #</Process><Process ToolSource="c:\program files (x86)\arcgis\desktop10.6\ArcToolbox\Toolboxes\Data Management Tools.tbx\AddField" Date="20210218" Time="125657" Name="" export="">AddField C:\temp\shape2020\cnty.shp pnanglocva DOUBLE # # # # NULLABLE NON_REQUIRED #</Process><Process ToolSource="c:\program files (x86)\arcgis\desktop10.6\ArcToolbox\Toolboxes\Data Management Tools.tbx\AddField" Date="20210218" Time="125658" Name="" export="">AddField C:\temp\shape2020\cnty.shp pbh DOUBLE # # # # NULLABLE NON_REQUIRED #</Process><Process ToolSource="c:\program files (x86)\arcgis\desktop10.6\ArcToolbox\Toolboxes\Data Management Tools.tbx\AddField" Date="20210218" Time="125700" Name="" export="">AddField C:\temp\shape2020\cnty.shp pbhvap DOUBLE # # # # NULLABLE NON_REQUIRED #</Process><Process ToolSource="c:\program files (x86)\arcgis\desktop10.6\ArcToolbox\Toolboxes\Data Management Tools.tbx\AddField" Date="20210218" Time="125701" Name="" export="">AddField C:\temp\shape2020\cnty.shp pbhcvap DOUBLE # # # # NULLABLE NON_REQUIRED #</Process><Process ToolSource="c:\program files (x86)\arcgis\desktop10.6\ArcToolbox\Toolboxes\Data Management Tools.tbx\AddField" Date="20210218" Time="125702" Name="" export="">AddField C:\temp\shape2020\cnty.shp pest_anglo DOUBLE # # # # NULLABLE NON_REQUIRED #</Process><Process ToolSource="c:\program files (x86)\arcgis\desktop10.6\ArcToolbox\Toolboxes\Data Management Tools.tbx\AddField" Date="20210218" Time="125704" Name="" export="">AddField C:\temp\shape2020\cnty.shp pest_asian DOUBLE # # # # NULLABLE NON_REQUIRED #</Process><Process ToolSource="c:\program files (x86)\arcgis\desktop10.6\ArcToolbox\Toolboxes\Data Management Tools.tbx\AddField" Date="20210218" Time="125705" Name="" export="">AddField C:\temp\shape2020\cnty.shp pest_black DOUBLE # # # # NULLABLE NON_REQUIRED #</Process><Process ToolSource="c:\program files (x86)\arcgis\desktop10.6\ArcToolbox\Toolboxes\Data Management Tools.tbx\AddField" Date="20210218" Time="125707" Name="" export="">AddField C:\temp\shape2020\cnty.shp pest_hisp DOUBLE # # # # NULLABLE NON_REQUIRED #</Process><Process ToolSource="c:\program files (x86)\arcgis\desktop10.6\ArcToolbox\Toolboxes\Data Management Tools.tbx\AddField" Date="20210218" Time="125708" Name="" export="">AddField C:\temp\shape2020\cnty.shp pest_bh DOUBLE # # # # NULLABLE NON_REQUIRED #</Process><Process ToolSource="c:\program files (x86)\arcgis\desktop10.6\ArcToolbox\Toolboxes\Data Management Tools.tbx\AddField" Date="20210218" Time="125709" Name="" export="">AddField C:\temp\shape2020\cnty.shp pest_nang DOUBLE # # # # NULLABLE NON_REQUIRED #</Process><Process ToolSource="c:\program files (x86)\arcgis\desktop10.6\ArcToolbox\Toolboxes\Data Management Tools.tbx\AddField" Date="20210218" Time="125711" Name="" export="">AddField C:\temp\shape2020\cnty.shp pest_vap DOUBLE # # # # NULLABLE NON_REQUIRED #</Process><Process ToolSource="c:\program files (x86)\arcgis\desktop10.6\ArcToolbox\Toolboxes\Data Management Tools.tbx\AddField" Date="20210218" Time="125712" Name="" export="">AddField C:\temp\shape2020\cnty.shp pest_cvap DOUBLE # # # # NULLABLE NON_REQUIRED #</Process><Process ToolSource="c:\program files (x86)\arcgis\desktop10.6\ArcToolbox\Toolboxes\Data Management Tools.tbx\CalculateField" Date="20210218" Time="125716" Name="" export="">CalculateField myLayer2 panglo "[anglo] / [total]" VB #</Process><Process ToolSource="c:\program files (x86)\arcgis\desktop10.6\ArcToolbox\Toolboxes\Data Management Tools.tbx\CalculateField" Date="20210218" Time="125717" Name="" export="">CalculateField myLayer2 panglovap "[anglovap] / [total]" VB #</Process><Process ToolSource="c:\program files (x86)\arcgis\desktop10.6\ArcToolbox\Toolboxes\Data Management Tools.tbx\CalculateField" Date="20210218" Time="125718" Name="" export="">CalculateField myLayer2 panglocvap "[anglocvap] / [total]" VB #</Process><Process ToolSource="c:\program files (x86)\arcgis\desktop10.6\ArcToolbox\Toolboxes\Data Management Tools.tbx\CalculateField" Date="20210218" Time="125720" Name="" export="">CalculateField myLayer2 pblack "[black] / [total]" VB #</Process><Process ToolSource="c:\program files (x86)\arcgis\desktop10.6\ArcToolbox\Toolboxes\Data Management Tools.tbx\CalculateField" Date="20210218" Time="125721" Name="" export="">CalculateField myLayer2 pblackvap "[blackvap] / [total]" VB #</Process><Process ToolSource="c:\program files (x86)\arcgis\desktop10.6\ArcToolbox\Toolboxes\Data Management Tools.tbx\CalculateField" Date="20210218" Time="125722" Name="" export="">CalculateField myLayer2 pblackcvap "[blackcvap] / [total]" VB #</Process><Process ToolSource="c:\program files (x86)\arcgis\desktop10.6\ArcToolbox\Toolboxes\Data Management Tools.tbx\CalculateField" Date="20210218" Time="125724" Name="" export="">CalculateField myLayer2 phisp "[hisp] / [total]" VB #</Process><Process ToolSource="c:\program files (x86)\arcgis\desktop10.6\ArcToolbox\Toolboxes\Data Management Tools.tbx\CalculateField" Date="20210218" Time="125725" Name="" export="">CalculateField myLayer2 phispvap "[hispvap] / [total]" VB #</Process><Process ToolSource="c:\program files (x86)\arcgis\desktop10.6\ArcToolbox\Toolboxes\Data Management Tools.tbx\CalculateField" Date="20210218" Time="125726" Name="" export="">CalculateField myLayer2 phispcvap "[hispcvap] / [total]" VB #</Process><Process ToolSource="c:\program files (x86)\arcgis\desktop10.6\ArcToolbox\Toolboxes\Data Management Tools.tbx\CalculateField" Date="20210218" Time="125727" Name="" export="">CalculateField myLayer2 pasian "[asian] / [total]" VB #</Process><Process ToolSource="c:\program files (x86)\arcgis\desktop10.6\ArcToolbox\Toolboxes\Data Management Tools.tbx\CalculateField" Date="20210218" Time="125729" Name="" export="">CalculateField myLayer2 pasianvap "[asianvap] / [total]" VB #</Process><Process ToolSource="c:\program files (x86)\arcgis\desktop10.6\ArcToolbox\Toolboxes\Data Management Tools.tbx\CalculateField" Date="20210218" Time="125730" Name="" export="">CalculateField myLayer2 pasiancvap "[asiancvap] / [total]" VB #</Process><Process ToolSource="c:\program files (x86)\arcgis\desktop10.6\ArcToolbox\Toolboxes\Data Management Tools.tbx\CalculateField" Date="20210218" Time="125731" Name="" export="">CalculateField myLayer2 pnanglo "[nanglo] / [total]" VB #</Process><Process ToolSource="c:\program files (x86)\arcgis\desktop10.6\ArcToolbox\Toolboxes\Data Management Tools.tbx\CalculateField" Date="20210218" Time="125732" Name="" export="">CalculateField myLayer2 pnanglovap "[nanglovap] / [total]" VB #</Process><Process ToolSource="c:\program files (x86)\arcgis\desktop10.6\ArcToolbox\Toolboxes\Data Management Tools.tbx\CalculateField" Date="20210218" Time="125734" Name="" export="">CalculateField myLayer2 pnanglocva "[nanglocvap] / [total]" VB #</Process><Process ToolSource="c:\program files (x86)\arcgis\desktop10.6\ArcToolbox\Toolboxes\Data Management Tools.tbx\CalculateField" Date="20210218" Time="125735" Name="" export="">CalculateField myLayer2 pbh "[bh] / [total]" VB #</Process><Process ToolSource="c:\program files (x86)\arcgis\desktop10.6\ArcToolbox\Toolboxes\Data Management Tools.tbx\CalculateField" Date="20210218" Time="125736" Name="" export="">CalculateField myLayer2 pbhvap "[bhvap] / [total]" VB #</Process><Process ToolSource="c:\program files (x86)\arcgis\desktop10.6\ArcToolbox\Toolboxes\Data Management Tools.tbx\CalculateField" Date="20210218" Time="125738" Name="" export="">CalculateField myLayer2 pbhcvap "[bhcvap] / [total]" VB #</Process><Process ToolSource="c:\program files (x86)\arcgis\desktop10.6\ArcToolbox\Toolboxes\Data Management Tools.tbx\CalculateField" Date="20210218" Time="125741" Name="" export="">CalculateField myLyer2 pest_anglo "[est_anglo] / [est_total]" VB #</Process><Process ToolSource="c:\program files (x86)\arcgis\desktop10.6\ArcToolbox\Toolboxes\Data Management Tools.tbx\CalculateField" Date="20210218" Time="125743" Name="" export="">CalculateField myLyer2 pest_asian "[est_asian] / [est_total]" VB #</Process><Process ToolSource="c:\program files (x86)\arcgis\desktop10.6\ArcToolbox\Toolboxes\Data Management Tools.tbx\CalculateField" Date="20210218" Time="125745" Name="" export="">CalculateField myLyer2 pest_black "[est_black] / [est_total]" VB #</Process><Process ToolSource="c:\program files (x86)\arcgis\desktop10.6\ArcToolbox\Toolboxes\Data Management Tools.tbx\CalculateField" Date="20210218" Time="125746" Name="" export="">CalculateField myLyer2 pest_hisp "[est_hispan] / [est_total]" VB #</Process><Process ToolSource="c:\program files (x86)\arcgis\desktop10.6\ArcToolbox\Toolboxes\Data Management Tools.tbx\CalculateField" Date="20210218" Time="125747" Name="" export="">CalculateField myLyer2 pest_bh "[est_bh] / [est_total]" VB #</Process><Process ToolSource="c:\program files (x86)\arcgis\desktop10.6\ArcToolbox\Toolboxes\Data Management Tools.tbx\CalculateField" Date="20210218" Time="125748" Name="" export="">CalculateField myLyer2 pest_nang "[est_nonang] / [est_total]" VB #</Process><Process ToolSource="c:\program files (x86)\arcgis\desktop10.6\ArcToolbox\Toolboxes\Data Management Tools.tbx\CalculateField" Date="20210218" Time="125750" Name="" export="">CalculateField myLyer2 pest_vap "[est_vap] / [est_total]" VB #</Process><Process ToolSource="c:\program files (x86)\arcgis\desktop10.6\ArcToolbox\Toolboxes\Data Management Tools.tbx\CalculateField" Date="20210218" Time="125751" Name="" export="">CalculateField myLyer2 pest_cvap "[est_cvap] / [est_total]" VB #</Process><Process ToolSource="c:\program files (x86)\arcgis\desktop10.6\ArcToolbox\Toolboxes\Data Management Tools.tbx\AddField" Date="20210219" Time="142150" Name="" export="">AddField C:\temp\Shape2020\cnty.shp cntykey2 LONG # # # # NULLABLE NON_REQUIRED #</Process><Process ToolSource="c:\program files (x86)\arcgis\desktop10.6\ArcToolbox\Toolboxes\Data Management Tools.tbx\CalculateField" Date="20210219" Time="142234" Name="" export="">CalculateField C:\temp\Shape2020\cnty.shp cntykey2 [cntykey] VB #</Process><Process ToolSource="c:\program files (x86)\arcgis\desktop10.6\ArcToolbox\Toolboxes\Data Management Tools.tbx\DeleteField" Date="20210219" Time="142405" Name="" export="">DeleteField C:\temp\Shape2020\cnty.shp cntykey</Process><Process ToolSource="c:\program files (x86)\arcgis\desktop10.6\ArcToolbox\Toolboxes\Data Management Tools.tbx\AddField" Date="20210219" Time="142431" Name="" export="">AddField C:\temp\Shape2020\cnty.shp cntykey LONG # # # # NULLABLE NON_REQUIRED #</Process><Process ToolSource="c:\program files (x86)\arcgis\desktop10.6\ArcToolbox\Toolboxes\Data Management Tools.tbx\CalculateField" Date="20210219" Time="142448" Name="" export="">CalculateField C:\temp\Shape2020\cnty.shp cntykey [cntykey2] VB #</Process><Process ToolSource="c:\program files (x86)\arcgis\desktop10.6\ArcToolbox\Toolboxes\Data Management Tools.tbx\JoinField" Date="20210226" Time="112837" Name="" export="">JoinField C:\temp\Shape2020\cnty.shp cntykey "Database Connections\RMSdev.sde\RMS.dbo.Counties" cntykey CntyName</Process><Process ToolSource="c:\program files (x86)\arcgis\desktop10.6\ArcToolbox\Toolboxes\Data Management Tools.tbx\AddField" Date="20210226" Time="112920" Name="" export="">AddField C:\temp\Shape2020\cnty.shp fename TEXT # # 25 # NULLABLE NON_REQUIRED #</Process><Process ToolSource="c:\program files (x86)\arcgis\desktop10.6\ArcToolbox\Toolboxes\Data Management Tools.tbx\CalculateField" Date="20210226" Time="113013" Name="" export="">CalculateField C:\temp\Shape2020\cnty.shp fename [CntyName] VB #</Process><Process ToolSource="c:\program files (x86)\arcgis\desktop10.6\ArcToolbox\Toolboxes\Data Management Tools.tbx\DeleteField" Date="20210325" Time="125058" Name="" export="">DeleteField C:\temp\2020_census_from_redAppl\cnty.shp Anglo;AngloVap;AngloCVap;Hisp;HispVap;HispCVap;Asian;AsianVap;AsianCVap;Black;BlackVap;BlackCVap;NAnglo;NAngloVap;NAngloCVap;Total;Vap;CVap;BH;BHVap;BHCVap;Est_Total;Est_Anglo;Est_Asian;Est_Black;Est_Hispan;Est_BH;Est_NonAng;Est_VAP;Est_CVAP;panglo;panglovap;panglocvap;pblack;pblackvap;pblackcvap;phisp;phispvap;phispcvap;pasian;pasianvap;pasiancvap;pnanglo;pnanglovap;pnanglocva;pbh;pbhvap;pbhcvap;pest_anglo;pest_asian;pest_black;pest_hisp;pest_bh;pest_nang;pest_vap;pest_cvap;cntykey2</Process><Process ToolSource="c:\program files (x86)\arcgis\desktop10.6\ArcToolbox\Toolboxes\Data Management Tools.tbx\AddField" Date="20210325" Time="125204" Name="" export="">AddField C:\temp\2020_census_from_redAppl\cnty.shp FIPS TEXT # # 3 # NULLABLE NON_REQUIRED #</Process><Process ToolSource="c:\program files (x86)\arcgis\desktop10.6\ArcToolbox\Toolboxes\Data Management Tools.tbx\CalculateField" Date="20210325" Time="125243" Name="" export="">CalculateField C:\temp\2020_census_from_redAppl\cnty.shp FIPS !CountyID![2:] PYTHON_9.3 #</Process><Process ToolSource="c:\program files (x86)\arcgis\desktop10.6\ArcToolbox\Toolboxes\Data Management Tools.tbx\CalculateField" Date="20210325" Time="125414" Name="" export="">CalculateField C:\temp\2020_census_from_redAppl\cnty.shp FIPS !CountyID!.zfill(3) PYTHON_9.3 #</Process><Process ToolSource="c:\program files (x86)\arcgis\desktop10.6\ArcToolbox\Toolboxes\Data Management Tools.tbx\CalculateField" Date="20210325" Time="125643" Name="" export="">CalculateField C:\temp\2020_census_from_redAppl\cnty.shp FIPS str(!CountyID!).zfill(3) PYTHON_9.3 #</Process><Process ToolSource="c:\program files (x86)\arcgis\desktop10.6\ArcToolbox\Toolboxes\Data Management Tools.tbx\AddField" Date="20210325" Time="125734" Name="" export="">AddField C:\temp\2020_census_from_redAppl\cnty.shp COLOR LONG # # # # NULLABLE NON_REQUIRED #</Process><Process ToolSource="c:\program files (x86)\arcgis\desktop10.6\ArcToolbox\Toolboxes\Data Management Tools.tbx\AddField" Date="20210325" Time="125758" Name="" export="">AddField C:\temp\2020_census_from_redAppl\cnty.shp CNTYKEY22 LONG # # # # NULLABLE NON_REQUIRED #</Process><Process ToolSource="c:\program files (x86)\arcgis\desktop10.6\ArcToolbox\Toolboxes\Data Management Tools.tbx\CalculateField" Date="20210325" Time="125827" Name="" export="">CalculateField C:\temp\2020_census_from_redAppl\cnty.shp CNTYKEY22 [cntykey] VB #</Process><Process ToolSource="c:\program files (x86)\arcgis\desktop10.6\ArcToolbox\Toolboxes\Data Management Tools.tbx\DeleteField" Date="20210325" Time="125841" Name="" export="">DeleteField C:\temp\2020_census_from_redAppl\cnty.shp cntykey</Process><Process ToolSource="c:\program files (x86)\arcgis\desktop10.6\ArcToolbox\Toolboxes\Data Management Tools.tbx\AddField" Date="20210325" Time="125857" Name="" export="">AddField C:\temp\2020_census_from_redAppl\cnty.shp CNTYKEY LONG # # # # NULLABLE NON_REQUIRED #</Process><Process ToolSource="c:\program files (x86)\arcgis\desktop10.6\ArcToolbox\Toolboxes\Data Management Tools.tbx\CalculateField" Date="20210325" Time="125916" Name="" export="">CalculateField C:\temp\2020_census_from_redAppl\cnty.shp CNTYKEY [CNTYKEY22] VB #</Process><Process ToolSource="c:\program files (x86)\arcgis\desktop10.6\ArcToolbox\Toolboxes\Data Management Tools.tbx\DeleteField" Date="20210325" Time="125931" Name="" export="">DeleteField C:\temp\2020_census_from_redAppl\cnty.shp CNTYKEY22</Process><Process ToolSource="c:\program files (x86)\arcgis\desktop10.6\ArcToolbox\Toolboxes\Data Management Tools.tbx\AddField" Date="20210325" Time="130304" Name="" export="">AddField cnty.shp FENAME2 TEXT 25 # # # NULLABLE NON_REQUIRED #</Process><Process ToolSource="c:\program files (x86)\arcgis\desktop10.6\ArcToolbox\Toolboxes\Data Management Tools.tbx\CalculateField" Date="20210325" Time="130304" Name="" export="">CalculateField cnty.shp FENAME2 [FENAME] VB #</Process><Process ToolSource="c:\program files (x86)\arcgis\desktop10.6\ArcToolbox\Toolboxes\Data Management Tools.tbx\DeleteField" Date="20210325" Time="130304" Name="" export="">DeleteField cnty.shp FENAME</Process><Process ToolSource="c:\program files (x86)\arcgis\desktop10.6\ArcToolbox\Toolboxes\Data Management Tools.tbx\AddField" Date="20210325" Time="130304" Name="" export="">AddField cnty.shp FENAME TEXT 25 # # # NULLABLE NON_REQUIRED #</Process><Process ToolSource="c:\program files (x86)\arcgis\desktop10.6\ArcToolbox\Toolboxes\Data Management Tools.tbx\CalculateField" Date="20210325" Time="130304" Name="" export="">CalculateField cnty.shp FENAME [FENAME2] VB #</Process><Process ToolSource="c:\program files (x86)\arcgis\desktop10.6\ArcToolbox\Toolboxes\Data Management Tools.tbx\DeleteField" Date="20210325" Time="130304" Name="" export="">DeleteField cnty.shp FENAME2</Process><Process ToolSource="c:\program files (x86)\arcgis\desktop10.6\ArcToolbox\Toolboxes\Data Management Tools.tbx\DeleteField" Date="20210325" Time="130423" Name="" export="">DeleteField C:\temp\2020_census_from_redAppl\cnty.shp CountyID;CntyName</Process><Process ToolSource="c:\program files (x86)\arcgis\desktop10.6\ArcToolbox\Toolboxes\Conversion Tools.tbx\FeatureClassToFeatureClass" Date="20210325" Time="130540" Name="" export="">FeatureClassToFeatureClass C:\temp\2020_census_from_redAppl\cnty.shp "Database Connections\GISS gis dev.sde" cnty20 # "FIPS "FIPS" true true false 3 Text 0 0 ,First,#,C:\temp\2020_census_from_redAppl\cnty.shp,FIPS,-1,-1;CNTYKEY "CNTYKEY" true true false 10 Long 0 10 ,First,#,C:\temp\2020_census_from_redAppl\cnty.shp,CNTYKEY,-1,-1;FENAME "FENAME" true true false 254 Text 0 0 ,First,#,C:\temp\2020_census_from_redAppl\cnty.shp,FENAME,-1,-1;COLOR "COLOR" true true false 10 Long 0 10 ,First,#,C:\temp\2020_census_from_redAppl\cnty.shp,COLOR,-1,-1" #</Process><Process ToolSource="c:\program files (x86)\arcgis\desktop10.6\ArcToolbox\Toolboxes\Data Management Tools.tbx\AddField" Date="20210726" Time="155845" Name="" export="">AddField "Database Connections\GISS gis dev.sde\GISS.GIS.cnty20" COLOR2 LONG # # # # NULLABLE NON_REQUIRED #</Process><Process ToolSource="c:\program files (x86)\arcgis\desktop10.6\ArcToolbox\Toolboxes\Data Management Tools.tbx\JoinField" Date="20210726" Time="160230" Name="" export="">JoinField "Database Connections\GISS gis dev.sde\GISS.GIS.cnty20" CNTYKEY "Database Connections\GISP gis prod.sde\GISP.GIS.cnty" CNTYKEY COLOR</Process><Process ToolSource="c:\program files (x86)\arcgis\desktop10.6\ArcToolbox\Toolboxes\Data Management Tools.tbx\CalculateField" Date="20210726" Time="160322" Name="" export="">CalculateField "Database Connections\GISS gis dev.sde\GISS.GIS.cnty20" COLOR [COLOR_1] VB #</Process><Process ToolSource="c:\program files (x86)\arcgis\desktop10.6\ArcToolbox\Toolboxes\Data Management Tools.tbx\DeleteField" Date="20210726" Time="160359" Name="" export="">DeleteField "Database Connections\GISS gis dev.sde\GISS.GIS.cnty20" COLOR2;COLOR_1</Process><Process ToolSource="c:\program files (x86)\arcgis\desktop10.6\ArcToolbox\Toolboxes\Data Management Tools.tbx\CalculateField" Date="20210726" Time="160656" Name="" export="">CalculateField "Database Connections\GISS gis dev.sde\GISS.GIS.cnty20" FENAME !FENAME!.upper() PYTHON_9.3 #</Process><Process ToolSource="c:\program files (x86)\arcgis\desktop10.6\ArcToolbox\Toolboxes\Conversion Tools.tbx\FeatureClassToFeatureClass" Date="20210726" Time="161745" Name="" export="">FeatureClassToFeatureClass "Database Connections\GISS gis dev.sde\GISS.GIS.cnty20" "Database Connections\GISP gis test.sde" cnty # "FIPS "FIPS" true true false 3 Text 0 0 ,First,#,Database Connections\GISS gis dev.sde\GISS.GIS.cnty20,FIPS,-1,-1;CNTYKEY "CNTYKEY" true true false 4 Long 0 10 ,First,#,Database Connections\GISS gis dev.sde\GISS.GIS.cnty20,CNTYKEY,-1,-1;FENAME "FENAME" true true false 254 Text 0 0 ,First,#,Database Connections\GISS gis dev.sde\GISS.GIS.cnty20,FENAME,-1,-1;COLOR "COLOR" true true false 4 Long 0 10 ,First,#,Database Connections\GISS gis dev.sde\GISS.GIS.cnty20,COLOR,-1,-1;Shape_area "Shape_area" false false true 0 Double 0 0 ,First,#,Database Connections\GISS gis dev.sde\GISS.GIS.cnty20,Shape.area,-1,-1;Shape_len "Shape_len" false false true 0 Double 0 0 ,First,#,Database Connections\GISS gis dev.sde\GISS.GIS.cnty20,Shape.len,-1,-1" #</Process><Process ToolSource="c:\program files (x86)\arcgis\desktop10.6\ArcToolbox\Toolboxes\Conversion Tools.tbx\FeatureClassToFeatureClass" Date="20210817" Time="132804">FeatureClassToFeatureClass "N:\research\Connections\working\GISW prod.sde\GISW.GIS.GISP_2020Geo\GISW.GIS.cnty" "C:\Users\o0600f0\Downloads\2020 Census Geography" Counties.shp # "FIPS "FIPS" true true false 3 Text 0 0 ,First,#,N:\research\Connections\working\GISW prod.sde\GISW.GIS.GISP_2020Geo\GISW.GIS.cnty,FIPS,-1,-1;CNTYKEY "CNTYKEY" true true false 4 Long 0 10 ,First,#,N:\research\Connections\working\GISW prod.sde\GISW.GIS.GISP_2020Geo\GISW.GIS.cnty,CNTYKEY,-1,-1;FENAME "FENAME" true true false 254 Text 0 0 ,First,#,N:\research\Connections\working\GISW prod.sde\GISW.GIS.GISP_2020Geo\GISW.GIS.cnty,FENAME,-1,-1;COLOR "COLOR" true true false 4 Long 0 10 ,First,#,N:\research\Connections\working\GISW prod.sde\GISW.GIS.GISP_2020Geo\GISW.GIS.cnty,COLOR,-1,-1;Shape_area "Shape_area" false false true 0 Double 0 0 ,First,#,N:\research\Connections\working\GISW prod.sde\GISW.GIS.GISP_2020Geo\GISW.GIS.cnty,Shape.area,-1,-1;Shape_len "Shape_len" false false true 0 Double 0 0 ,First,#,N:\research\Connections\working\GISW prod.sde\GISW.GIS.GISP_2020Geo\GISW.GIS.cnty,Shape.len,-1,-1" #</Process></lineage><itemProps><itemName Sync="TRUE">Counties</itemName><imsContentType Sync="TRUE">002</imsContentType><itemSize Sync="TRUE">0.000</itemSize><itemLocation><linkage Sync="TRUE">file://\\C0063384\C$\Users\o0600f0\Downloads\2020 Census Geography\Counties.shp</linkage><protocol Sync="TRUE">Local Area Network</protocol></itemLocation><nativeExtBox><westBL Sync="TRUE">372991.574900</westBL><eastBL Sync="TRUE">1618132.565000</eastBL><southBL Sync="TRUE">412835.286100</southBL><northBL Sync="TRUE">1594973.283000</northBL><exTypeCode Sync="TRUE">1</exTypeCode></nativeExtBox></itemProps><coordRef><type Sync="TRUE">Projected</type><geogcsn Sync="TRUE">GCS_North_American_1983</geogcsn><csUnits Sync="TRUE">Linear Unit: Meter (1.000000)</csUnits><projcsn Sync="TRUE">NAD_1983_Lambert_Conformal_Conic</projcsn><peXml Sync="TRUE">&lt;ProjectedCoordinateSystem xsi:type='typens:ProjectedCoordinateSystem' xmlns:xsi='http://www.w3.org/2001/XMLSchema-instance' xmlns:xs='http://www.w3.org/2001/XMLSchema' xmlns:typens='http://www.esri.com/schemas/ArcGIS/10.6'&gt;&lt;WKT&gt;PROJCS[&amp;quot;NAD_1983_Lambert_Conformal_Conic&amp;quot;,GEOGCS[&amp;quot;GCS_North_American_1983&amp;quot;,DATUM[&amp;quot;D_North_American_1983&amp;quot;,SPHEROID[&amp;quot;GRS_1980&amp;quot;,6378137.0,298.257222101]],PRIMEM[&amp;quot;Greenwich&amp;quot;,0.0],UNIT[&amp;quot;Degree&amp;quot;,0.0174532925199433]],PROJECTION[&amp;quot;Lambert_Conformal_Conic&amp;quot;],PARAMETER[&amp;quot;False_Easting&amp;quot;,1000000.0],PARAMETER[&amp;quot;False_Northing&amp;quot;,1000000.0],PARAMETER[&amp;quot;Central_Meridian&amp;quot;,-100.0],PARAMETER[&amp;quot;Standard_Parallel_1&amp;quot;,27.41666666666667],PARAMETER[&amp;quot;Standard_Parallel_2&amp;quot;,34.91666666666666],PARAMETER[&amp;quot;Latitude_Of_Origin&amp;quot;,31.16666666666667],UNIT[&amp;quot;Meter&amp;quot;,1.0]]&lt;/WKT&gt;&lt;XOrigin&gt;-37624400&lt;/XOrigin&gt;&lt;YOrigin&gt;-27099700&lt;/YOrigin&gt;&lt;XYScale&gt;116599859.86502042&lt;/XYScale&gt;&lt;ZOrigin&gt;-100000&lt;/ZOrigin&gt;&lt;ZScale&gt;10000&lt;/ZScale&gt;&lt;MOrigin&gt;-100000&lt;/MOrigin&gt;&lt;MScale&gt;10000&lt;/MScale&gt;&lt;XYTolerance&gt;0.001&lt;/XYTolerance&gt;&lt;ZTolerance&gt;0.001&lt;/ZTolerance&gt;&lt;MTolerance&gt;0.001&lt;/MTolerance&gt;&lt;HighPrecision&gt;true&lt;/HighPrecision&gt;&lt;/ProjectedCoordinateSystem&gt;</peXml></coordRef><copyHistory><copy source="N:\users\mark\Census2020\shape\blk" dest="\\C0064192\C$\temp\Shape2020\blk" date="20210209" time="08561800"/></copyHistory></DataProperties><SyncDate>20210817</SyncDate><SyncTime>13280100</SyncTime><ModDate>20210817</ModDate><ModTime>13280100</ModTime><scaleRange><minScale>150000000</minScale><maxScale>5000</maxScale></scaleRange><ArcGISProfile>ItemDescription</ArcGISProfile></Esri><dataIdInfo><envirDesc Sync="TRUE"> Version 6.2 (Build 9200) ; Esri ArcGIS 10.6.0.8321</envirDesc><dataLang><languageCode value="eng" Sync="TRUE"/><countryCode value="USA" Sync="TRUE"/></dataLang><idCitation><resTitle Sync="FALSE">Texas - 2020 Census - Counties</resTitle><presForm><PresFormCd value="005" Sync="TRUE"/></presForm></idCitation><spatRpType><SpatRepTypCd value="001" Sync="TRUE"/></spatRpType><dataExt><geoEle xmlns=""><GeoBndBox esriExtentType="search"><exTypeCode Sync="TRUE">1</exTypeCode><westBL Sync="TRUE">-106.976395</westBL><eastBL Sync="TRUE">-93.122106</eastBL><northBL Sync="TRUE">36.534270</northBL><southBL Sync="TRUE">25.705730</southBL></GeoBndBox></geoEle></dataExt><idAbs>&lt;DIV STYLE="text-align:Left;"&gt;&lt;DIV&gt;&lt;DIV&gt;&lt;P&gt;&lt;SPAN&gt;2020 Census, Counties in Texas. A "key" field has been added so data formatted or published by the council can be joined to the shapefile. Additional fields support labeling and cartography in Texas Legislative Council applications.&lt;/SPAN&gt;&lt;/P&gt;&lt;/DIV&gt;&lt;/DIV&gt;&lt;/DIV&gt;</idAbs><idPurp>Texas extract of Counties from the Census Bureau's 2020 Census Redistricting Data (P.L. 94-171) TIGER/Line® shapefile. All legal boundaries and names are as of January 1, 2020. The boundaries shown are for Census Bureau statistical data collection and tabulation purposes only. This digital geographic data is used in the RedAppl and DistrictViewer redistricting applications, and other Texas Legislative Council mapping and reporting applications.</idPurp><idCredit>GIS Staff of the Texas Legislative Council, Research Division, Mapping and Redistricting Section, 512-463-6622, https://redistricting.capitol.texas.gov/contact</idCredit><searchKeys><keyword>2020 Census Geography. 2020 Census</keyword><keyword>Counties</keyword><keyword>Texas</keyword></searchKeys><resConst><Consts><useLimit>&lt;DIV STYLE="text-align:Left;"&gt;&lt;DIV&gt;&lt;DIV&gt;&lt;P STYLE="margin:0 0 0 0;"&gt;&lt;SPAN&gt;&lt;SPAN&gt;No warranty, expressed or implied, is made with regard to the accuracy of the data in the TIGER/Line&lt;/SPAN&gt;&lt;/SPAN&gt;&lt;SPAN&gt;&lt;SPAN&gt;®&lt;/SPAN&gt;&lt;/SPAN&gt;&lt;SPAN&gt; Shapefiles, and no liability is assumed by the United States Government in general, or the Census Bureau specifically, as to the positional or attribute accuracy of the data. The boundary information in the TIGER/Line® Shapefiles is for statistical data collection and tabulation purposes only. Their depiction and designation for statistical purposes does not constitute a determination of jurisdictional authority or rights of ownership or entitlement and are not legal land descriptions.&lt;/SPAN&gt;&lt;/P&gt;&lt;P /&gt;&lt;P STYLE="margin:0 0 14 0;"&gt;&lt;SPAN&gt;TIGER/Line® is a registered trademark of the Census Bureau. TIGER/Line® cannot be used as or within the proprietary product names of any commercial product including or otherwise relevant to Census Bureau data and may only be used to refer to the nature of such a product.&lt;/SPAN&gt;&lt;/P&gt;&lt;/DIV&gt;&lt;/DIV&gt;&lt;/DIV&gt;</useLimit></Consts></resConst></dataIdInfo><mdLang><languageCode value="eng" Sync="TRUE"/><countryCode value="USA" Sync="TRUE"/></mdLang><mdChar><CharSetCd value="004" Sync="TRUE"/></mdChar><distInfo><distFormat><formatName Sync="TRUE">Shapefile</formatName></distFormat><distTranOps><transSize Sync="TRUE">0.000</transSize></distTranOps></distInfo><mdHrLv><ScopeCd value="005" Sync="TRUE"/></mdHrLv><mdHrLvName Sync="TRUE">dataset</mdHrLvName><refSysInfo><RefSystem><refSysID><identCode code="0" Sync="TRUE"/></refSysID></RefSystem></refSysInfo><spatRepInfo><VectSpatRep><geometObjs Name="Counties"><geoObjTyp><GeoObjTypCd value="002" Sync="TRUE"></GeoObjTypCd></geoObjTyp><geoObjCnt Sync="TRUE">0</geoObjCnt></geometObjs><topLvl><TopoLevCd value="001" Sync="TRUE"></TopoLevCd></topLvl></VectSpatRep></spatRepInfo><spdoinfo><ptvctinf><esriterm Name="Counties"><efeatyp Sync="TRUE">Simple</efeatyp><efeageom code="4" Sync="TRUE"></efeageom><esritopo Sync="TRUE">FALSE</esritopo><efeacnt Sync="TRUE">0</efeacnt><spindex Sync="TRUE">FALSE</spindex><linrefer Sync="TRUE">FALSE</linrefer></esriterm></ptvctinf></spdoinfo><eainfo><detailed Name="Counties"><enttyp><enttypl Sync="TRUE">Counties</enttypl><enttypt Sync="TRUE">Feature Class</enttypt><enttypc Sync="TRUE">0</enttypc></enttyp><attr><attrlabl Sync="TRUE">FID</attrlabl><attalias Sync="TRUE">FID</attalias><attrtype Sync="TRUE">OID</attrtype><attwidth Sync="TRUE">4</attwidth><atprecis Sync="TRUE">0</atprecis><attscale Sync="TRUE">0</attscale><attrdef Sync="TRUE">Internal feature number.</attrdef><attrdefs Sync="TRUE">Esri</attrdefs><attrdomv><udom Sync="TRUE">Sequential unique whole numbers that are automatically generated.</udom></attrdomv></attr><attr><attrlabl Sync="TRUE">FIPS</attrlabl><attalias Sync="TRUE">FIPS</attalias><attrtype Sync="TRUE">String</attrtype><attwidth Sync="TRUE">3</attwidth><atprecis Sync="TRUE">0</atprecis><attscale Sync="TRUE">0</attscale></attr><attr><attrlabl Sync="TRUE">Shape</attrlabl><attalias Sync="TRUE">Shape</attalias><attrtype Sync="TRUE">Geometry</attrtype><attwidth Sync="TRUE">0</attwidth><atprecis Sync="TRUE">0</atprecis><attscale Sync="TRUE">0</attscale><attrdef Sync="TRUE">Feature geometry.</attrdef><attrdefs Sync="TRUE">Esri</attrdefs><attrdomv><udom Sync="TRUE">Coordinates defining the features.</udom></attrdomv></attr><attr><attrlabl Sync="TRUE">FENAME</attrlabl><attalias Sync="TRUE">FENAME</attalias><attrtype Sync="TRUE">String</attrtype><attwidth Sync="TRUE">254</attwidth><atprecis Sync="TRUE">0</atprecis><attscale Sync="TRUE">0</attscale></attr><attr><attrlabl Sync="TRUE">COLOR</attrlabl><attalias Sync="TRUE">COLOR</attalias><attrtype Sync="TRUE">Integer</attrtype><attwidth Sync="TRUE">10</attwidth><atprecis Sync="TRUE">10</atprecis><attscale Sync="TRUE">0</attscale></attr><attr><attrlabl Sync="TRUE">cntykey</attrlabl><attalias Sync="TRUE">CNTYKEY</attalias><attrtype Sync="TRUE">Integer</attrtype><attwidth Sync="TRUE">10</attwidth><atprecis Sync="TRUE">10</atprecis><attscale Sync="TRUE">0</attscale></attr><attr><attrlabl Sync="TRUE">Shape_area</attrlabl><attalias Sync="TRUE">Shape_area</attalias><attrtype Sync="TRUE">Double</attrtype><attwidth Sync="TRUE">19</attwidth><atprecis Sync="TRUE">0</atprecis><attscale Sync="TRUE">0</attscale><attrdef Sync="TRUE">Area of feature in internal units squared.</attrdef><attrdefs Sync="TRUE">Esri</attrdefs><attrdomv><udom Sync="TRUE">Positive real numbers that are automatically generated.</udom></attrdomv></attr><attr><attrlabl Sync="TRUE">Shape_len</attrlabl><attalias Sync="TRUE">Shape_len</attalias><attrtype Sync="TRUE">Double</attrtype><attwidth Sync="TRUE">19</attwidth><atprecis Sync="TRUE">0</atprecis><attscale Sync="TRUE">0</attscale></attr></detailed></eainfo><mdDateSt Sync="TRUE">20210817</mdDateSt></metadata>
