RESOURCE_NODE,UNIT_SUBSTATION,UNIT_NAME
AEEC,AEEC,ANTLP_1
AEEC,AEEC,ANTLP_2
AEEC,AEEC,ANTLP_3
AEEC,AEEC,ELK_1
AEEC,AEEC,ELK_2
AEEC,AEEC,ELK_3
AGUAYO_UNIT1,AGUAYO,UNIT1
AJAXWIND_RN,AJAXWIND,UNIT1
AJAXWIND_RN,AJAXWIND,UNIT2
ALGOD_ALL_RN,ALGODON,UNIT1
ALGOD_ALL_RN,ALGODON,UNIT2
ALVIN_RN,ALVIN,UNIT1
AMADEUS_ALL,AMADEUS1,UNIT1
AMADEUS_ALL,AMADEUS1,UNIT2
AMADEUS_ALL,AMADEUS2,UNIT3
AMISTAD_ALL,AMISTAD,AMISTAG1
AMISTAD_ALL,AMISTAD,AMISTAG2
AMO_AMOCO_1,AMOCOOIL,AMOCO_1
AMO_AMOCO_2,AMOCOOIL,AMOCO_2
AMO_AMOCO_5,AMOCOOIL,AMOCO_5
AMO_AMOCO_G1,AMOCOOIL,AMOCO_G1
AMO_AMOCO_G2,AMOCOOIL,AMOCO_G2
AMO_AMOCO_G3,AMOCOOIL,AMOCO_G3
AMO_AMOCO_S1,AMOCOOIL,AMOCO_S1
AMO_AMOCO_S2,AMOCOOIL,AMOCO_S2
ANACACHO_ANA,ANACACHO,ANA
ANCHOR_ALL,ANCHOR,BESS1
ANCHOR_ALL,ANCHOR,BESS2
ANCHOR_ALL,ANCHOR,WIND1
ANCHOR_ALL,ANCHOR,WIND2
ANCHOR_ALL,ANCHOR,WIND3
ANCHOR_ALL,ANCHOR,WIND4
ANCHOR_ALL,ANCHOR,WIND5
ANDMDSLR_ALL,ANDMDSLR,UNIT1
ANDMDSLR_ALL,ANDMDSLR,UNIT2
ANSON1_ALL,ANSON1,UNIT1
ANSON1_ALL,ANSON1,UNIT2
APPALOSA_ALL,APPALOSA,UNIT1
APPALOSA_ALL,APPALOSA,UNIT2
AQUI_ALL,AQUILLA,U1_23
AQUI_ALL,AQUILLA,U1_28
AQUI_ALL,AQUILLA,U2_23
AQUI_ALL,AQUILLA,U2_28
ARAGORN_RN,ARAGORN,UNIT1
ASTRA_RN,ASTRA,UNIT1
ATK_ATKINSG7,ATKINS,ATKINSG7
AUSTPL_ALL,AUSTPL,AUSTING1
AUSTPL_ALL,AUSTPL,AUSTING2
AVIAT_ALL,AVIATOR,UNIT1
AVIAT_ALL,AVIATOR,UNIT2
AVIAT_ALL,DEWOLF,UNIT1
AZURE_RN,AZURE,BESS1
AZURE_RN,AZURE,SOLAR1
AZURE_RN,AZURE,SOLAR2
AZ_ALL,AZ,AZ_G1
AZ_ALL,AZ,AZ_G2
AZ_ALL,AZ,AZ_G3
AZ_ALL,AZ,AZ_G4
BAC_RN_ALL,BAC,CTG1
BAC_RN_ALL,BAC,CTG2
BAC_RN_ALL,BAC,CTG3
BAC_RN_ALL,BAC,CTG4
BAC_RN_ALL,BAC,CTG5
BAC_RN_ALL,BAC,CTG6
BAFFIN_ALL,BAFFIN,UNIT1
BAFFIN_ALL,BAFFIN,UNIT2
BAIRDWND_ALL,BAIRDWND,UNIT1
BAIRDWND_ALL,BAIRDWND,UNIT2
BARROW_ALL,BARROW,UNIT1
BARROW_ALL,BARROW,UNIT2
BASTEN_CCU,BASTEN,GTG1100
BASTEN_CCU,BASTEN,GTG2100
BASTEN_CCU,BASTEN,ST0100
BATCAVE_RN,BATCAVE,BES1
BBREEZE_1_2,BBREEZE,UNIT1
BBREEZE_1_2,BBREEZE,UNIT2
BCATWD_WD_1,BCATWIND,WIND_1
BCH_RN,BCH,UNIT1
BCH_RN,BCH,UNIT2
BCH_RN,BCH,UNIT3
BCH_RN,BCH,UNIT4
BCH_RN,BCH,UNIT5
BCH_RN,BCH,UNIT6
BCK_RN,BCK,UNIT1
BCK_RN,BCK,UNIT2
BIGSTAR_ALL,BIG_STAR,BESS
BIGSTAR_ALL,BIG_STAR,UNIT1
BIGSTAR_ALL,BIG_STAR,UNIT2
BLACKJAK_RN,BLACKJAK,UNIT1
BLACKJAK_RN,BLACKJAK,UNIT2
BLSMT1_5_A_6,BLSUMIT3,UNIT_17
BLSMT1_5_A_6,BLSUMIT3,UNIT_25
BLSMT1_5_A_6,BLSUMMIT,BATTERY
BLSMT1_5_A_6,BLSUMMIT,BLSMT1_5
BLSMT1_5_A_6,BLSUMMIT,BLSMT1_6
BLSMT1_5_A_6,BLSUMMIT,UNIT2_17
BLSMT1_5_A_6,BLSUMMIT,UNIT2_25
BLUEJAY_RN,BLUEJAY,BESS1
BLUEJAY_RN,BLUEJAY,UNIT1
BLUEJAY_RN,BLUEJAY,UNIT2
BOARDCRK_ALL,BOARDCRK,UNIT1
BOARDCRK_ALL,BOARDCRK,UNIT2
BOOTLEG_UN1,BOOTLEG,UNIT1
BORDAS_345,BORDAS,JAVEL18
BORDAS_345,BORDAS,JAVEL20
BORDAS_345,BORDAS2,JAVEL2_A
BORDAS_345,BORDAS2,JAVEL2_B
BORDAS_345,BORDAS2,JAVEL2_C
BOSQ_BSQSU_5,BOSQUESW,BSQSU_5
BOSQ_BSQS_12,BOSQUESW,BSQSU_1
BOSQ_BSQS_12,BOSQUESW,BSQSU_2
BOSQ_BSQS_34,BOSQUESW,BSQSU_3
BOSQ_BSQS_34,BOSQUESW,BSQSU_4
BRANDON_RN,BRANDON,UNIT1
BRAUNIG_VHB1,BRAUNIG,VHB1
BRAUNIG_VHB2,BRAUNIG,VHB2
BRAUNIG_VHB3,BRAUNIG,VHB3
BRAZ_WND_ALL,BRAZ_WND,WND1
BRAZ_WND_ALL,BRAZ_WND,WND2
BRA_AVR1_CT2,BRAUNIG,AVR1_CT2
BRA_AVR_CST1,BRAUNIG,AVR1_CT1
BRA_AVR_CST1,BRAUNIG,AVR1_ST
BRHEIGHT_RN,HEIGHTTN,UNIT1
BRIGHTSD_U1,BRIGHTSD,UNIT1
BRISCOE_WIND,BRISCOE,WIND
BRPANGLE_RN,ANGLETON,UNIT1
BRPMAGNO_RN,MAGNO_TN,UNIT1
BRP_BRAZ_RN,BRAZORIA,UNIT1
BRP_DIKN_RN,DICKNSON,UNIT1
BRP_LOOP_RN,L_463S,UNIT1
BRP_LOP1_RN,BRP_LOP1,UNIT1
BRP_PBL1_RN,BRP_PBL1,UNIT1
BRP_PBL2_RN,BRP_PBL2,UNIT1
BRP_RN_UNIT1,K0,UNIT1
BRP_SWNY_RN,SWEENY,UNIT1
BRP_ZPT1_RN,BRP_ZPT1,UNIT1
BRP_ZPT2_RN,BRP_ZPT2,UNIT1
BRTSW_BCW1,BRTSW,BCW1
BR_ARROW_ALL,BR_ARROW,UNIT1
BR_ARROW_ALL,BR_ARROW,UNIT2
BR_VHB6CT5_6,BRAUNIG,VHB6CT5
BR_VHB6CT5_6,BRAUNIG,VHB6CT6
BR_VHB6CT7_8,BRAUNIG,VHB6CT7
BR_VHB6CT7_8,BRAUNIG,VHB6CT8
BSS_U1,WCOLLDG,BSS_U1
BTE_BTE_G1,BTE,BTE_G1
BTE_BTE_G2,BTE,BTE_G2
BTE_BTE_G3,BTE,BTE_G3
BTE_BTE_G4,BTE,BTE_G4
BTM_ALL,BTM,UNIT1
BTM_ALL,BTM,UNIT2
BTM_ALL,BTM,UNIT3
BTM_ALL,BTM,UNIT4
BTM_ALL,BTM,UNIT5
BTM_ALL,BTM,UNIT6
BTM_ALL,BTM,UNIT7
BTM_ALL,BTM,UNIT8
BUCHAN_ALL,BUCHAN,BUCHANG1
BUCHAN_ALL,BUCHAN,BUCHANG2
BUCHAN_ALL,BUCHAN,BUCHANG3
BUCKTHRN_RN,BUCKTHRN,UNIT1
BUCKTHRN_RN,BUCKTHRN,UNIT2
BUFF_GAP_ALL,BUFF_GAP,UNIT1
BUFF_GAP_ALL,BUFF_GAP,UNIT2_1
BUFF_GAP_ALL,BUFF_GAP,UNIT2_2
BUFF_GAP_ALL,BUFF_GAP,UNIT3
BULLCRK_1_2,BULLCRK,WND1
BULLCRK_1_2,BULLCRK,WND2
BVE_UNIT1,BVE,UNIT1
BVE_UNIT2,BVE,UNIT2
BVE_UNIT3,BVE,UNIT3
BYRDR_ES_ALL,BYRDR_ES,BESS1
BYU_BYU_12,BYU,BYU_G1
BYU_BYU_12,BYU,BYU_G2
BYU_BYU_34,BYU,BYU_G3
BYU_BYU_34,BYU,BYU_G4
B_DAVIS_3,B_DAVIS,B_DAVIG3
B_DAVIS_4,B_DAVIS,B_DAVIG4
B_D_B_DAVIG1,B_DAVIS,B_DAVIG1
B_D_B_DAVIG2,B_DAVIS,B_DAVIG2
CABEZON_ALL,CABEZON,WIND1
CABEZON_ALL,CABEZON,WIND2
CALAVER_JKS1,CALAVERS,JKS1
CALAVER_JKS2,CALAVERS,JKS2
CALAVER_JTD1,CALAVERS,JTD1
CALAVER_JTD2,CALAVERS,JTD2
CALAVER_OWS1,CALAVERS,OWS1
CALAVER_OWS2,CALAVERS,OWS2
CALHOUN_ALL,CALHOUN,UNIT1
CALHOUN_ALL,CALHOUN,UNIT2
CALLAHA_WND1,CALLAHAN,WND1
CAL_CALGT1,CAL,CALGT1
CAL_CALSTG1,CAL,CALSTG1
CAMWIND_RN,CAMWIND,UNIT1
CAPRIDG4_CR4,CAPRIDG4,BB2_PV1
CAPRIDG4_CR4,CAPRIDG4,BB2_PV2
CAPRIDG4_CR4,CAPRIDG4,BB_PV
CAPRIDG4_CR4,CAPRIDG4,CR4
CAPRIDGE_ALL,CAPRIDGE,CR1
CAPRIDGE_ALL,CAPRIDGE,CR2
CAPRIDGE_ALL,CAPRIDGE,CR3
CARBN_BSP_1,CARBN,BSP_1
CASL_GAP_UN1,CASL_GAP,BATTERY1
CASL_GAP_UN1,CASL_GAP,UNIT1
CATARINA_B1,CATARINA,BESS
CBECII_89,CBECII,CT8
CBECII_89,CBECII,STG9
CBECII_CT7,CBECII,CT7
CBEC_ALL,CBEC,GT1
CBEC_ALL,CBEC,GT11
CBEC_ALL,CBEC,GT12
CBEC_ALL,CBEC,GT2
CBEC_ALL,CBEC,GT3
CBEC_ALL,CBEC,GT4
CBEC_ALL,CBEC,STG1
CBEC_ALL,CBEC,STG2
CBY4_ALL,CBY4,CT41
CBY4_ALL,CBY4,CT42
CBY4_ALL,CBY4,ST04
CBY_CBY_G1,CBY,CBY_G1
CBY_CBY_G2,CBY,CBY_G2
CCEC_GT1,CCEC,GT1
CCEC_GT2,CCEC,GT2
CCEC_ST1,CCEC,ST1
CEDROHI_CHW1,CEDROHIL,CHW1
CEDROHI_CHW1,CEDROHIL,CHW2
CEDRVALE_RN,CEDRVALE,BESS
CFLATS_UNIT,CFLATS,U1
CHALUP_ALL,CHALUPA,UNIT1
CHALUP_ALL,CHALUPA,UNIT2
CHAMON_UN1,CHAMON,CTG_0101
CHAMON_UN2,CHAMON,CTG_0301
CHEDPW_GT2,CHE,GT2
CHEDPW_GT2,CHE,GT3
CHE_LYD,CHE,CHEGT1
CHE_LYD2,CHE,CHEST1
CHISMGRD_RN,CHISMGRD,BES1
CITYVICT_ALL,CITYVICT,CTG01
CITYVICT_ALL,CITYVICT,CTG02
CN_BRKS_UNT1,CN_BRKS,UNIT_1
COL_COLETOG1,COLETO,COLETOG1
CONIGLIO_RN,CONIGLIO,UNIT1
CORAZON_RN,CORAZON,UNIT1
COTPLNS_RN,COTPLNS,COTTONPL
COTPLNS_RN,COTPLNS,OLDSETLR
COTTON_PAP2,COTTON,PAP2
COYOTSPR_RN,COYOTSPR,BESS
CPSES_UNIT1,CPSES,UNIT1
CPSES_UNIT2,CPSES,UNIT2
CRANELL_ALL,CRANELL,UNIT1
CROSSETT_ALL,CROSSETT,BES1
CROSSETT_ALL,CROSSETT,BES2
CRWN_SLR_UN1,CRWN_SLR,UNIT1
CSC_CSECG1_2,CSEC,CSECG1
CSC_CSECG1_2,CSEC,CSECG2
CVC_CVCG1_5,CVC,CVC_G1
CVC_CVCG1_5,CVC,CVC_G5
CVC_CVC_G2,CVC,CVC_G2
CVC_CVC_G3,CVC,CVC_G3
DAG_ALL,DAG,UNIT1
DAG_ALL,DAG,UNIT2
DANSBY_ALL,DANSBY,DANSBYG1
DANSBY_ALL,DANSBY,DANSBYG2
DANSBY_ALL,DANSBY,DANSBYG3
DAN_ALL,DAN,UNIT1
DAN_ALL,DAN,UNIT2
DAN_ALL,DAN,UNIT3
DC2SES_ALL,DCSES,BES1
DC2SES_ALL,DCSES,BES2
DC2SES_ALL,DCSES,BES3
DC2SES_ALL,DCSES,BES4
DC2SES_ALL,DCSES,CT10
DC2SES_ALL,DCSES,CT20
DC2SES_ALL,DCSES,CT30
DC2SES_ALL,DCSES,CT40
DDPEC_GT1,DDPEC,GT1
DDPEC_GT2,DDPEC,GT2
DDPEC_GT3,DDPEC,GT3
DDPEC_GT4,DDPEC,GT4
DDPEC_GT6,DDPEC,GT6
DDPEC_ST1,DDPEC,ST1
DECKER_DPG2,DECKER,DPG2
DECKER_GT,DECKER,DPGT_1
DECKER_GT,DECKER,DPGT_2
DECKER_GT,DECKER,DPGT_3
DECKER_GT,DECKER,DPGT_4
DENISON_G1_2,DNDAM,DENISOG1
DENISON_G1_2,DNDAM,DENISOG2
DERMOTT_ALL,COYOTE_W,UNIT1
DERMOTT_ALL,COYOTE_W,UNIT2
DERMOTT_ALL,COYOTE_W,UNIT3
DERMOTT_ALL,DERMOTT,UNIT1
DERMOTT_ALL,DERMOTT,UNIT2
DIBOL_RN,DIBOL,BESS
DIB_DIB_G1,DIB,DIB_G1
DIB_DIB_G2,DIB,DIB_G2
DIB_DIB_G3,DIB,DIB_G3
DIB_DIB_G4,DIB,DIB_G4
DOW_61_2_63,DOWGEN,DOW_G61
DOW_61_2_63,DOWGEN,DOW_G63
DOW_64,DOWGEN,DOW_ST64
DOW_81_2_84,DOWGEN,DOW_G81
DOW_81_2_84,DOWGEN,DOW_G82
DOW_81_2_84,DOWGEN,DOW_G83
DOW_81_2_84,DOWGEN,DOW_ST84
DOW_G37_G35,DOWGEN,DOW_G37
DOW_G66_ST65,DOWGEN,DOW_G66
DOW_G66_ST65,DOWGEN,DOW_ST65
DOW_G67,DOWGEN,DOW_G67
DOW_G96_ST95,DOWGEN,DOW_GT96
DOW_G96_ST95,DOWGEN,DOW_ST95
DUKE_GST1CCU,DUKE,DUKE_GT1
DUKE_GST1CCU,DUKE,DUKE_ST1
DUKE_GT2_CCU,DUKE,DUKE_GT2
ECLIPSE_UN1,ECLIPSE,UNIT1
EIFSLR_UNIT1,EIFSLR,UNIT1
ELB_ELBCREEK,ELB,ELBCREEK
ELECTRAW_1_2,DIGBY,UNIT1
ELECTRAW_1_2,DIGBY,UNIT2
ELECTRAW_1_2,LOCKETT,UNIT1
ELSAUZ_ALL,ELSAUZ,UNIT1
ELSAUZ_ALL,ELSAUZ,UNIT2
ELS_RN_1,ELLISSLR,UNIT1
EL_RAYO_ALL,EL_RAYO,UNIT1
EL_RAYO_ALL,EL_RAYO,UNIT2
ENDPARK_ESS1,ENDPARKS,ESS1
ERSL_RN,ELARA_SL,UNIT1
ESTONIAN_ALL,ESTONIAN,BES1
ESTONIAN_ALL,ESTONIAN,SOLAR1
ESTONIAN_ALL,ESTONIAN,SOLAR2
ETCCS_CCU,ETCCS,CT1
ETCCS_CCU,ETCCS,UNIT1
EUNICE_ALL,EUNICE,BES1
EUNICE_ALL,EUNICE,PV1
EUNICE_ALL,EUNICE,PV2
EXGNSND_RN,EXGNSND,WIND_1
EXGNWTL_1,EXGNWTL,WIND_1
EXN_14,EXN,EXN_G14
EXN_1_3,EXN,EXN_G1
EXN_1_3,EXN,EXN_G2
EXN_1_3,EXN,EXN_G3
EXN_4,EXN,EXN_G4
EXN_8,EXN,EXN_G15
EXN_8,EXN,EXN_G8
EXN_9_13,EXN,EXN_G10
EXN_9_13,EXN,EXN_G11
EXN_9_13,EXN,EXN_G12
EXN_9_13,EXN,EXN_G13
EXN_9_13,EXN,EXN_G9
E_BLACK_RN,E_BLACK,UNIT_1
FAL_FALCONG1,FALCON,FALCONG1
FAL_FALCONG2,FALCON,FALCONG2
FAL_FALCONG3,FALCON,FALCONG3
FAULKNER_RN,FAULKNER,BESS
FEGC_RN,FEGC,UNIT1
FENCESLR_ALL,FENCESLR,BESS1
FENCESLR_ALL,FENCESLR,SOLAR1
FENCESLR_ALL,FENCESLR,SOLAR2
FERGCC_GT1_1,FERGCC,FERGGT1
FERGCC_GT2_3,FERGCC,FERGGT2
FERGCC_ST1_5,FERGCC,FERGST1
FERMI_ALL,FERMI,WIND1
FERMI_ALL,FERMI,WIND2
FILESSLR_PV1,FILESSLR,PV1
FLCNS_UNIT1,FLCNS,UNIT1
FLCNS_UNIT2,FLCNS,UNIT2
FLCNS_UNIT3,FLCNS,UNIT3
FLOWERII_RN,FLOWERII,BESS1
FLTBES1,FLAT_TOP,BESS1
FLTCK_SSI,FLTCK,SSI
FLUVANNA_1_2,FLUVANNA,UNIT1
FLUVANNA_1_2,FLUVANNA,UNIT2
FLUVANNA_1_2,GOPHER,UNIT1
FLUVANNA_1_2,GOPHER,UNIT2
FLVABES1_ESR,FLVABES1,FLATU1
FOARDCTY_ALL,FOARDCTY,UNIT1
FOARDCTY_ALL,FOARDCTY,UNIT2
FOXTROT_ALL,FOXTROT,UNIT1
FOXTROT_ALL,FOXTROT,UNIT2
FOXTROT_ALL,FOXTROT,UNIT3
FO_FORMOSA11,FORMOSA,FORMOSG11
FO_FORMOSA12,FORMOSA,FORMOSG12
FO_FORMOSG1,FORMOSA,FORMOSG1
FO_FORMOSG10,FORMOSA,FORMOSG10
FO_FORMOSG13,FORMOSA,FORMOSG13
FO_FORMOSG14,FORMOSA,FORMOSG14
FO_FORMOSG15,FORMOSA,FORMOSG15
FO_FORMOSG2,FORMOSA,FORMOSG2
FO_FORMOSG3,FORMOSA,FORMOSG3
FO_FORMOSG4,FORMOSA,FORMOSG4
FO_FORMOSG5,FORMOSA,FORMOSG5
FO_FORMOSG6,FORMOSA,FORMOSG6
FO_FORMOSG7,FORMOSA,FORMOSG7
FO_FORMOSG8,FORMOSA,FORMOSG8
FO_FORMOSG9,FORMOSA,FORMOSG9
FPPYD_FPP_G1,FPPYD1,FPP_G1
FPPYD_FPP_G2,FPPYD1,FPP_G2
FPPYD_FPP_G3,FPPYD2,FPP_G3
FREC_1_CCU,FREC,GT1
FREC_1_CCU,FREC,GT2
FREC_1_CCU,FREC,ST3
FREC_2_CCU,FREC,GT4
FREC_2_CCU,FREC,GT5
FREC_2_CCU,FREC,ST6
FRNYPP_1_CCU,FRNYPP,GT11
FRNYPP_1_CCU,FRNYPP,GT12
FRNYPP_1_CCU,FRNYPP,GT13
FRNYPP_1_CCU,FRNYPP,ST10
FRNYPP_2_CCU,FRNYPP,GT21
FRNYPP_2_CCU,FRNYPP,GT22
FRNYPP_2_CCU,FRNYPP,GT23
FRNYPP_2_CCU,FRNYPP,ST20
FRONT_EC_RN1,FRONT_EC,ST
FRONT_EC_RN2,FRONT_EC,CT1
FRONT_EC_RN3,FRONT_EC,CT2
FTR_FTR_G1_4,FTR,FTR_G1
FTR_FTR_G1_4,FTR,FTR_G2
FTR_FTR_G1_4,FTR,FTR_G3
FTR_FTR_G1_4,FTR,FTR_G4
FTWIND_UNIT1,FTWIND,UNIT_1
FWLR_SLR_1,FWLR_SLR,UNIT1
GALO_RN1,GALLOWAY,SOLAR1
GALO_RN1,GALLOWAY,SOLAR2
GAMBIT_RN,GAMBIT,BESS1
GBY_GT,GBY,GBYGT73
GBY_GT,GBY,GBYGT74
GBY_GT,GBY,GBYGT81
GBY_GT,GBY,GBYGT82
GBY_GT,GBY,GBYGT83
GBY_GT,GBY,GBYGT84
GID_GIDEONG1,GIDEON,GIDEONG1
GID_GIDEONG2,GIDEON,GIDEONG2
GID_GIDEONG3,GIDEON,GIDEONG3
GOA_GOATWIND,GOAT,GOATWIN2
GOA_GOATWIND,GOAT,GOATWIND
GOLINDA_UN1,GOLINDA,UNIT1
GOMZ_RN,GOMZ,BESS
GPASTURE_ALL,GPASTURE,WIND_I
GRANDVW1_A_B,GRANDVW1,COLA
GRANDVW1_A_B,GRANDVW1,COLB
GRANDVW1_A_B,GRANDVW1,GV1A
GRANDVW1_A_B,GRANDVW1,GV1B
GREASWOD_ALL,GREASWOD,UNIT1
GREASWOD_ALL,GREASWOD,UNIT2
GRIF_TRL_RN,GRIF_TRL,UNIT1
GRIF_TRL_RN,GRIF_TRL,UNIT2
GRSES_UNIT1,GRSES,UNIT1
GRSES_UNIT2,GRSES,UNIT2
GUADG_CCU1,GUADG,GAS1
GUADG_CCU1,GUADG,GAS2
GUADG_CCU1,GUADG,STM5
GUADG_CCU2,GUADG,GAS3
GUADG_CCU2,GUADG,GAS4
GUADG_CCU2,GUADG,STM6
GUNMTN_NODE,GUNMTN,G1
GWEC_G1,GWEC,GWEC_G1
HAYSEN1_2,HAYSEN,HAYSENG1
HAYSEN1_2,HAYSEN,HAYSENG2
HAYSEN3_4,HAYSEN,HAYSENG3
HAYSEN3_4,HAYSEN,HAYSENG4
HELIOS_RN,HELIOS,UNIT1
HHGT_KENDAL,HHGT,CALLAHAN
HHGT_KENDAL,HHGT,HHOLLOW1
HHGT_KENDAL,HHGT,HHOLLOW2
HHGT_KENDAL,HHGT,HHOLLOW3
HHGT_KENDAL,HHGT,HHOLLOW4
HHOLLW2_WND1,HHOLLOW2,WIND1
HHOLLW3_WND1,HHOLLOW3,WND_1
HHOLLW4_WND1,HHOLLOW4,WND1
HICK_G1_G2,HICKMAN,G1
HICK_G1_G2,HICKMAN,G2
HICK_G1_G2,OVEJA,G1
HICK_G1_G2,OVEJA,G2
HI_LONEB_RN1,HI_LONEB,BESS1
HI_LONE_ALL,HI_LONE,WGR1A
HI_LONE_ALL,HI_LONE,WGR1B
HI_LONE_ALL,HI_LONE,WGR1C
HI_LONE_ALL,HI_LONE,WGR2
HI_LONE_ALL,HI_LONE,WGR2A
HI_LONE_ALL,HI_LONE,WGR3
HI_LONE_ALL,HI_LONE,WGR4
HLSES_UNIT3,HLSES,UNIT3
HLSES_UNIT4,HLSES,UNIT4
HLSES_UNIT5,HLSES,UNIT5
HOLCOMB_RN1,HOLCOMB,BESS
HOLSTEIN_ALL,HOLSTEIN,SOLAR1
HOLSTEIN_ALL,HOLSTEIN,SOLAR2
HORSCR_RN,EGROVESL,UNIT1
HORSECRK_RN,HORSECRK,UNIT1
HORSECRK_RN,HORSECRK,UNIT2
HOUSEMTN_RN,HOUSEMTN,BESS1
HOVEY_GEN,HOVEY,UNIT1
HOVEY_GEN,HOVEY,UNIT2
HRBESS_BESS,HRBESS,BESS
HRFDWIND_ALL,HRFDWIND,JRDWIND1
HRFDWIND_ALL,HRFDWIND,JRDWIND2
HRFDWIND_ALL,HRFDWIND,WIND_G
HRFDWIND_ALL,HRFDWIND,WIND_V
HWF_HWFG1,HWF,HWFG1
H_HOLLO_WND1,H_HOLLOW,WND1
IMP_RN1,IMPACT,UNIT1
INDNENR_1_RN,DSKYWND1,UNIT_1A
INDNENR_1_RN,DSKYWND1,UNIT_1B
INDNENR_2_RN,DSKYWND2,UNIT_2A
INDNENR_2_RN,DSKYWND2,UNIT_2B
INDNNWP_RN,INDNNWP,INDNNWP2
IND_INADALE1,INDL,ESS
IND_INADALE1,INDL,INADALE1
IND_INADALE1,INDL,INADALE2
INGLCOSW_STG,INGLCOSW,STG
INGLCOS_CTG1,INGLCOSW,CTG1
INGLCOS_CTG2,INGLCOSW,CTG2
INKS_INKS_G1,INKSDA,INKS_G1
INRT_W_ALL,INRT_W,UNIT1
INRT_W_ALL,INRT_W,UNIT2
INRT_W_ALL,INRT_W,UNIT3
JACKCNTY_CT1,JACKCNTY,CT1
JACKCNTY_CT2,JACKCNTY,CT2
JACKCNTY_STG,JACKCNTY,STG
JADE_SLR_ALL,JADE_SLR,UNIT1
JADE_SLR_ALL,JADE_SLR,UNIT2
JAY_RN_1,JAY,UNIT1
JAY_RN_1,JAY,UNIT2
JCKCNTY2_CT3,JCKCNTY2,CT3
JCKCNTY2_CT4,JCKCNTY2,CT4
JCKCNTY2_ST2,JCKCNTY2,ST2
JC_BAT_RN,JC_BAT,UNIT_1
JUNCTION_RN,JUNCTION,BESS
JUNO_ALL,JUNO,UNIT1
JUNO_ALL,JUNO,UNIT2
KARAKAW1_1,KARAKAW1,UNIT1
KARAKAW1_1,KARAKAW1,UNIT2
KARAKAW2_1,KARAKAW2,UNIT3
KEECHI_U1,KEECHI,U1
KELAMSL_U1,KELAM_SL,UNIT1
KEO_KEO_SM1,KEO,SHRBINO2
KINGE_ALL,KING_NE,KINGNE
KINGE_ALL,KING_SE,KINGSE
KINGW_ALL,KING_NW,KINGNW
KINGW_ALL,KING_SW,KINGSW
LACY_CRK_ALL,LACY_CRK,UNIT1
LACY_CRK_ALL,LACY_CRK,UNIT2
LACY_CRK_ALL,LACY_CRK,UNIT3
LACY_CRK_ALL,LACY_CRK,UNIT4
LAMESASLR_G,LMESASLR,IVORY
LAMESASLR_G,LMESASLR,UNIT1
LAPETUS_U1,LAPETUS,UNIT_1
LARDVFTN_G4,LARDVFTN,G4
LARDVFTN_G5,LARDVFTN,G5
LASSO_GEN,LASSO,UNIT1
LEG_LEG_G1,LEG,LEG_G1
LEG_LEG_G2,LEG,LEG_G2
LEONLCPCT1_2,LEON_CRK,LCPCT1
LEONLCPCT1_2,LEON_CRK,LCPCT2
LEONLCPCT3_4,LEON_CRK,LCPCT3
LEONLCPCT3_4,LEON_CRK,LCPCT4
LGDRAW_S_ALL,LGDRAW_S,UNIT1_1
LGDRAW_S_ALL,LGDRAW_S,UNIT1_2
LGD_LANGFORD,LGD,LANGFORD
LGE_LGE_GT1,LGE,LGE_GT1
LGE_LGE_GT2,LGE,LGE_GT2
LGE_LGE_STG,LGE,LGE_STG
LGW_UNIT_ALL,LGW,UNIT1
LGW_UNIT_ALL,LGW,UNIT2
LHM_CVC_G4,LHM,CVC_G4
LHORN_N_U1_2,LHORN_N,UNIT1
LHORN_N_U1_2,LHORN_N,UNIT2
LHSES_UNIT1,LHSES,UNIT1
LHSES_UNIT2,LHSES,UNIT2A
LIG_RN,LIG,UNIT1
LIG_RN,LIG,UNIT2
LILY_RN,LILY,BESS1
LILY_RN,LILY,SOLAR1
LMAJADAS_ALL,LMAJADAS,UNIT1
LMAJADAS_ALL,LMAJADAS,UNIT2
LMAJADAS_ALL,LMAJADAS,UNIT3
LNCRK_ALL,LNCRK,G83
LNCRK_ALL,LNCRK2,G871
LNCRK_ALL,LNCRK2,G872
LONESTAR_RN,LONESTAR,BESS
LONEWOLF_ALL,LONEWOLF,G1
LONEWOLF_ALL,LONEWOLF,G2
LONEWOLF_ALL,LONEWOLF,G3
LONEWOLF_ALL,LONEWOLF,G4
LON_RN1,LON,SOLAR1
LOS_LOSTPGT1,LOSTPI,LOSTPGT1
LOS_LOSTPGT2,LOSTPI,LOSTPGT2
LOS_LOSTPST1,LOSTPI,LOSTPST1
LPCCS_CT11,LPCCS,CT11
LPCCS_CT12,LPCCS,CT12
LPCCS_CT21,LPCCS,CT21
LPCCS_CT22,LPCCS,CT22
LPCCS_UNIT1,LPCCS,UNIT1
LPCCS_UNIT2,LPCCS,UNIT2
LV1A_LV1B,LV1,LV1A
LV1A_LV1B,LV2,LV2
LV3_UNIT1,LV3,UNIT_1
LV4_UNIT_1,LV4,UNIT_1
LV5_UNIT1,LV5,UNIT_1
MADERO_RN,MADERO,UNIT1
MADERO_RN,MADERO,UNIT2
MARBFA,MARBFA,MARBFAG1
MARBFA,MARBFA,MARBFAG2
MARIAH_ALL,MARIAH,NORTE1
MARIAH_ALL,MARIAH,NORTE2
MAR_MARSFOG1,MARSFO,MARSFOG1
MAR_MARSFOG2,MARSFO,MARSFOG2
MAR_MARSFOG3,MARSFO,MARSFOG3
MASSENGL_G6,MASSENGL,G6
MASSENGL_G7,MASSENGL,G7
MASSENGL_G8,MASSENGL,G8
MAVCRK_W_ALL,MAVCRK_E,UNIT5
MAVCRK_W_ALL,MAVCRK_E,UNIT6
MAVCRK_W_ALL,MAVCRK_E,UNIT7
MAVCRK_W_ALL,MAVCRK_E,UNIT8
MAVCRK_W_ALL,MAVCRK_E,UNIT9
MAVCRK_W_ALL,MAVCRK_W,UNIT1
MAVCRK_W_ALL,MAVCRK_W,UNIT2
MAVCRK_W_ALL,MAVCRK_W,UNIT3
MAVCRK_W_ALL,MAVCRK_W,UNIT4
MCDLD_FCSBW1,MCDLD,FCW1
MCDLD_FCSBW1,MCDLD,SB1_2
MCDLD_FCSBW1,MCDLD,SB3_282
MCDLD_FCSBW1,MCDLD,SB4_G87
MCLNSLR_RN,MCLNSLR,UNIT1
MCSES_UNIT6,MCSES,UNIT6
MCSES_UNIT7,MCSES,UNIT7
MCSES_UNIT8,MCSES,UNIT8
MDANP_CT1_2,MDANP,CT1
MDANP_CT1_2,MDANP,CT2
MDANP_CT3_4,MDANP,CT3
MDANP_CT3_4,MDANP,CT4
MDANP_CT5_6,MDANP,CT5
MDANP_CT5_6,MDANP,CT6
MERCURY_ALL,MERCURY,PV1
MERCURY_ALL,MERCURY,PV2
MESQCRK_ALL,MESQCRK,WND1
MESQCRK_ALL,MESQCRK,WND2
MESTENO_RN,MESTENO,UNIT_1
MGSES_CT123,MGSES,CT1
MGSES_CT123,MGSES,CT2
MGSES_CT123,MGSES,CT3
MGSES_CT456,MGSES,CT4
MGSES_CT456,MGSES,CT5
MGSES_CT456,MGSES,CT6
MIAM1_G1_G2,MIAM1,G1
MIAM1_G1_G2,MIAM1,G2
MIL_MILG1_2,MIL,MILLERG1
MIL_MILG1_2,MIL,MILLERG2
MIL_MILG345,MIL,MILLERG3
MIL_MILG345,MIL,MILLERG4
MIL_MILG345,MIL,MILLERG5
MIRAGE_G1,MIRAGE,GEN_0001
MIRASOLE_GEN,MIRASOLE,MIR11
MIRASOLE_GEN,MIRASOLE,MIR12
MIRASOLE_GEN,MIRASOLE,MIR13
MIRASOLE_GEN,MIRASOLE,MIR21
MISAE_GEN_RN,MISAE,UNIT1
MISAE_GEN_RN,MISAE,UNIT2
MLSES_UNIT1,MLSES,UNIT1
MLSES_UNIT2,MLSES,UNIT2
MLSES_UNIT3,MLSES,UNIT3
MOZART_WIND1,MOZART,WIND_1
MUSTNGCK_ALL,MUSTNGCK,BES1
MUSTNGCK_ALL,MUSTNGCK,SOLAR1
MUSTNGCK_ALL,MUSTNGCK,SOLAR2
MV_VALV4_RN,MV_VALV4,BESS
MWEC_G1,MWEC,G1
MYR_ALL,MYR,UNIT1
MYR_ALL,MYR,UNIT2
NACPW_UNIT1,NACPW,UNIT1
NBOHR_RN,HARALD,UNIT1
NBOHR_RN,NBOHR,UNIT1
NCARBIDEG8,NCARBIDE,NCARBIG8
NCARBIDE_1_7,NCARBIDE,NCARBIG1
NCARBIDE_1_7,NCARBIDE,NCARBIG2
NCARBIDE_1_7,NCARBIDE,NCARBIG3
NCARBIDE_1_7,NCARBIDE,NCARBIG5
NCARBIDE_1_7,NCARBIDE,NCARBIG6
NCARBIDE_1_7,NCARBIDE,NCARBIG7
NCO_RN,NCO,ESS1
NEBULA_RN,NEBULA,UNIT1
NED_NEDIN_G1,NEDIN,NEDIN_G1
NED_NEDIN_G2,NEDIN,NEDIN_G2
NED_NEDIN_G3,NEDIN,NEDIN_G3
NF_BRP_RN,NF_BRP,BES1
NOBLESLR_ALL,NOBLESLR,BESS1
NOBLESLR_ALL,NOBLESLR,BESS2
NOBLESLR_ALL,NOBLESLR,SOLAR1
NOBLESLR_ALL,NOBLESLR,SOLAR2
NOVA1SLR_ALL,NOVA1SLR,UNIT1
NOVA1SLR_ALL,NOVA1SLR,UNIT2
NUE_NUECESG7,NUECES_B,NUECESG7
NUE_NUECESG8,NUECES_B,NUECESG8
NUE_NUECESG9,NUECES_B,NUECESG9
NWF_NWF1,NWF,NBS
NWF_NWF1,NWF,NWF1
NWF_NWF1,NWF,NWF2
OBERON_U1,OBERON,UNIT_1
ODESW_RN,ODESW,UNIT1
OECCS_1,OECCS,CT11
OECCS_1,OECCS,CT12
OECCS_1,OECCS,UNIT1
OECCS_2,OECCS,CT21
OECCS_2,OECCS,CT22
OECCS_2,OECCS,UNIT2
OGSES_1,OGSES,UNIT1A
OGSES_2,OGSES,UNIT2
OLIN_OLING_1,OLINGR,OLING_1
OLIN_OLING_2,OLINGR,OLING_2
OLIN_OLING_3,OLINGR,OLING_3
OLIN_OLING_4,OLINGR,OLING_4
OLNEYTN_RN,OLNEYTN,BESS
OWF_OWF,OWF,OWF
OXY_OXY_CCG1,OXY_CC,OXY_CCG1
PALMWI_UNIT1,PALMWIND,UNIT1
PANDA_S_CT1,PANDA_S,SHER1CT1
PANDA_S_CT2,PANDA_S,SHER1CT2
PANDA_S_ST1,PANDA_S,SHER1ST1
PANDA_T1_CT1,PANDA_T1,TMPL1CT1
PANDA_T1_CT2,PANDA_T1,TMPL1CT2
PANDA_T1_ST1,PANDA_T1,TMPL1ST1
PANDA_T2_CT1,PANDA_T2,TMPL2CT1
PANDA_T2_CT2,PANDA_T2,TMPL2CT2
PANDA_T2_ST1,PANDA_T2,TMPL2ST1
PAP1_PAP1,PAP1,PAP1
PB2SES_CT1,PB2SES,CT1
PB2SES_CT2,PB2SES,CT2
PB2SES_CT3,PB2SES,CT3
PB2SES_CT4,PB2SES,CT4
PB2SES_CT5,PB2SES,CT5
PC_NORTH_1,PC_NORTH,PANTHER1
PC_SOUTH_ALL,PC_SOUTH,PANTH31
PC_SOUTH_ALL,PC_SOUTH,PANTH32
PC_SOUTH_ALL,PC_SOUTH,PANTHER2
PEARSA_1_24,PEARSAL2,AGR_A
PEARSA_1_24,PEARSAL2,AGR_B
PEARSA_1_24,PEARSAL2,AGR_C
PEARSA_1_24,PEARSAL2,AGR_D
PENA_ALL,PENA,UNIT1
PENA_ALL,PENA,UNIT2
PENA_ALL,PENA3,UNIT3
PEY_RN,PEY,UNIT1
PH1_UNIT1_2,PH1,UNIT1
PH1_UNIT1_2,PH1,UNIT2
PH2_U1_U2,PH2,UNIT1
PH2_U1_U2,PH2,UNIT2
PHILLWND_ALL,PHILLWND,UNIT1
PHILLWND_ALL,PHILLWND,UNIT2
PHOEBE_ALL,PHOEBE,UNIT1
PHOEBE_ALL,PHOEBE,UNIT2
PHOENIX_RN,PHOENIX,UNIT1
PISG_RN_ALL,PISGAH,SOLAR1
PISG_RN_ALL,PISGAH,SOLAR2
PLN_ALL,PLN,UNIT1
PLN_ALL,PLN,UNIT2
PNPI_GT2_RN,PNPI,GT2
POTSVIL_RN,GRIZZLY,BESS1
POTSVIL_RN,GRIZZLY,SOLAR1
PRID_RN,PRIDDY,UNIT1
PRID_RN,PRIDDY,UNIT2
PROSPERO_ALL,PROSPERO,UNIT1
PROSPERO_ALL,PROSPERO,UNIT2
PRO_RN,PRO,UNIT1
PRO_RN,PRO,UNIT2
PRO_RN,PRO,UNIT3
PRO_RN,PRO,UNIT4
PRO_RN,PRO,UNIT5
PRO_RN,PRO,UNIT6
PRO_RN,PRO,UNIT7
PRO_RN,PRO,UNIT8
PRSPERO2_ALL,PRSPERO2,UNIT1
PRSPERO2_ALL,PRSPERO2,UNIT2
PR_PR_ALL,PR,PR_G2
PSA_PSA_G1,PSA,PSA_G1
PSA_PSA_G2,PSA,PSA_G2
PSA_PSA_G3,PSA,PSA_G3
PSA_PSA_G4,PSA,PSA_G4
PSA_PSA_G5,PSA,PSA_G5
PSA_PSA_G6,PSA,PSA_G6
PSA_PSA_G7,PSA,PSA_G7
PSG_PSG_GT2,PSG,PSG_GT2
PSG_PSG_GT3,PSG,PSG_GT3
PSG_PSG_ST1,PSG,PSG_ST2
PTLBES_BESS1,PRTLAVS,BESS1
PYR_PYRON1,PYR,ESS
PYR_PYRON1,PYR,ESS2A
PYR_PYRON1,PYR,ESS2B
PYR_PYRON1,PYR,PYRON1
PYR_PYRON1,PYR,PYRON2
QALSW_ALL,QALSW,GT1
QALSW_ALL,QALSW,GT2
QALSW_ALL,QALSW,GT3
QALSW_ALL,QALSW,GT4
QALSW_ALL,QALSW,STG1
QALSW_ALL,QALSW,STG2
QUEEN_BA_RN,QUEEN_BA,BESS1
QUEEN_SL_RN,QUEEN_SL,SOLAR1
QUEEN_SL_RN,QUEEN_SL,SOLAR2
QUEEN_SL_RN,QUEEN_SL,SOLAR3
QUEEN_SL_RN,QUEEN_SL,SOLAR4
RAB_G1-8,RAB,UNIT1
RAB_G1-8,RAB,UNIT2
RAB_G1-8,RAB,UNIT3
RAB_G1-8,RAB,UNIT4
RAB_G1-8,RAB,UNIT5
RAB_G1-8,RAB,UNIT6
RAB_G1-8,RAB,UNIT7
RAB_G1-8,RAB,UNIT8
RADN_SLR_ALL,RADN_SLR,UNIT1
RADN_SLR_ALL,RADN_SLR,UNIT2
RAMBLER_UNIT,RAMBLER,UNIT1
RANCHERO_ALL,RANCHERO,UNIT1
RANCHERO_ALL,RANCHERO,UNIT2
RAT_RN_1,RATLIFF,SOLAR1
RAYB_G78910,RAYBURN,RAYBURG10
RAYB_G78910,RAYBURN,RAYBURG7
RAYB_G78910,RAYBURN,RAYBURG8
RAYB_G78910,RAYBURN,RAYBURG9
RDCAN_RDCNY1,RDCANYON,RDCNY1
REDBARN_RN,REDBARN,UNIT_1
REDBARN_RN,REDBARN,UNIT_2
REDFISH_ALL,REDFISH,MV1A
REDFISH_ALL,REDFISH,MV1B
REDGATE_RN,REDGATE,AGR_A
REDGATE_RN,REDGATE,AGR_B
REDGATE_RN,REDGATE,AGR_C
REDGATE_RN,REDGATE,AGR_D
RELOJ_ALL,RELOJ,UNIT1
RELOJ_ALL,RELOJ,UNIT2
RELOJ_ALL,RELOJ,UNIT3
RELOJ_ALL,RELOJ,UNIT4
REROCK_ALL,REROCK,UNIT1
REROCK_ALL,REROCK,UNIT2
RHESS2_ESS1,RHESS2,ESS_1
RIGGIN_UNIT1,RIGGINS,UNIT1
RIONOG_CT1,RIONOG,CT1
RIONOG_CT2,RIONOG,CT2
RIONOG_CT3,RIONOG,CT3
RIONOG_ST1,RIONOG,ST1
RIPPEY_ALL,RIPPEY,UNIT1
RN_APOGEE,APOGEE,UNIT1
RN_APOGEE,APOGEE,UNIT2
RN_APOGEE,APOGEE,UNIT3
RN_APOGEE,APOGEE,UNIT4
RN_APOGEE,APOGEE,UNIT5
RN_APOGEE,APOGEE,UNIT6
RN_APOGEE,APOGEE,UNIT7
RN_BYU_G8,BYU,BYU_G8
RN_DEC_AGR_A,DEC,AGR_A
RN_DEC_AGR_B,DEC,AGR_B
RN_DEC_AGR_C,DEC,AGR_C
RN_DEC_AGR_D,DEC,AGR_D
RN_ECEC_HOLT,ECEC,G1
RN_ECEC_HOLT,ECEC,G2
RN_OCI_ALAMO,OCI_ALM1,ASTRO1
RN_OCI_ALAMO,OCI_ALM1,UNIT1
RN_RTS1,RTS,U1
RN_RTS1,RTS2,U1
RN_RTS1,RTS2,U2
RN_SR_WIND1,SANROMAN,WIND_1
RN_TOSBATT,TOSBATT,UNIT1
ROSELAND_ALL,ROSELAND,BESS1
ROSELAND_ALL,ROSELAND,SOLAR1
ROSELAND_ALL,ROSELAND,SOLAR2
ROSELAND_ALL,ROSELAND,SOLAR3
ROUTE66_RN,ROUTE_66,WIND1
ROW_ALL,ROW,UNIT1
RPUBRDS_RN,RPUBRDS,ESS1
RSK_RN,RSNAKE,G1
RSK_RN,RSNAKE,G2
RTLSNAKE_BT,RTLSNAKE,BESS
RVRVLYS_ALL,RVRVLYS,ESS1
RVRVLYS_ALL,RVRVLYS,ESS2
SADLBACK_RN,SADLBACK,BESS
SALVTION_GEN,SALVTION,UNIT1
SALVTION_GEN,SALVTION,UNIT2
SAMSON_ALL,SAMSON_1,G1
SAMSON_ALL,SAMSON_1,G2
SAMSON_ALL,SAMSON_3,G1
SAMSON_ALL,SAMSON_3,G2
SANDHSYD1_2,SANDHSYD,SH1
SANDHSYD1_2,SANDHSYD,SH2
SANDHSYD3_4,SANDHSYD,SH3
SANDHSYD3_4,SANDHSYD,SH4
SANDHSYD6_7,SANDHSYD,SH6
SANDHSYD6_7,SANDHSYD,SH7
SANDHSYD_5AC,SANDHSYD,SH_5A
SANDHSYD_5AC,SANDHSYD,SH_5C
SANTACRU_ALL,SANTACRU,UNIT1
SANTACRU_ALL,SANTACRU,UNIT2
SAN_SANMIGG1,SANMIGL,G1
SBEAN_BESS,SBEAN,BESS
SBE_RN_1,SBE,UNIT1
SC2SES_UNIT1,SCSES,UNIT1A
SCES_UNIT1,SCES,UNIT1
SCLP_SCLPC_1,SCLPCOGN,SCLPC_1
SCLP_SCLPC_2,SCLPCOGN,SCLPC_2
SCLP_SCLPC_3,SCLPCOGN,SCLPC_3
SCLP_SCLPC_4,SCLPCOGN,SCLPC_4
SCSES_UNIT2,SCSES,UNIT2
SENATEWD_1,SENATEWD,UNIT1
SGM_SIGNALMT,SGMTN,SIGNALM2
SGM_SIGNALMT,SGMTN,SIGNALMT
SGSA_DGR,SGSA,BESS1
SHAFFER_ALL,SHAFFER,UNIT1
SHANNONW_RN,SHANNONW,UNIT_1
SIL_SILAS_10,SILASRAY,SILAS_10
SIL_SILAS_6,SILASRAY,SILAS_6
SIL_SILAS_9,SILASRAY,SILAS_9
SIRIUS_UNIT1,SIRIUS,UNIT1
SIRIUS_UNIT1,SIRIUS,UNIT2
SJS_SJS_G1,SJS,SJS_G1
SJS_SJS_G2,SJS,SJS_G2
SKY1,SKY1,SKY1A
SKY1,SKY1,SKY1B
SLCN_ESS_ALL,SLCNHLS,ESS1
SLCN_ESS_ALL,SLCNHLS,ESS2
SLTFRK_UN1_2,SALTFORK,UNIT1
SLTFRK_UN1_2,SALTFORK,UNIT2
SL_SL_G1,SL,SL_G1
SL_SL_G2,SL,SL_G2
SL_SL_G3,SL,SL_G3
SL_SL_G4,SL,SL_G4
SNY_BESS_RN,SNY_BESS,UNIT1
SOLARA_UNIT1,SOLARA,UNIT1
SPARTA_ALL,SPARTA,UNIT1
SPARTA_ALL,SPARTA,UNIT2
SPLAIN1_RN,SPLAIN1,WIND1
SPLAIN1_RN,SPLAIN1,WIND2
SPLAIN2_RN,SPLAIN2,WIND21
SPLAIN2_RN,SPLAIN2,WIND22
SPNC_SPNCE_4,SPNCER,SPNCE_4
SPNC_SPNCE_5,SPNCER,SPNCE_5
SPTX12B_RN,SPTX12B,BES1
SPTX12B_RN,SPTX12B,UNIT1
SRWE1_UNIT1,SRWE1,SRWE2
SRWE1_UNIT1,SRWE1,UNIT1
SSPURT_WIND1,SSPURTWO,SS3WIND1
SSPURT_WIND1,SSPURTWO,SS3WIND2
SSPURT_WIND1,SSPURTWO,WIND_1
STAM_SLR_ALL,STAM_SLR,BESS1
STAM_SLR_ALL,STAM_SLR,SOLAR1
STAM_SLR_ALL,STAM_SLR,SOLAR2
STEAM_ENG123,STEAM,ENGINE_1
STEAM_ENG123,STEAM,ENGINE_2
STEAM_ENG123,STEAM,ENGINE_3
STEA_STEAM_1,STEAM1A,STEAM_1
STEA_STEAM_2,STEAM,STEAM_2
STEA_STEAM_3,STEAM,STEAM_3
STELLA_RN,STELLA,UNIT1
STP_STP_G1,STP,STP_G1
STP_STP_G2,STP,STP_G2
STRATEGC_RN,STRATEGC,UNIT1
STWF_T1,STWF,T1
SUNVASLR_ALL,SUNVASLR,UNIT1
SUNVASLR_ALL,SUNVASLR,UNIT2
SWEC_G1,SWEC,G1
SWEETWN2_2_4,SWEETWN2,WND2
SWEETWN2_2_4,SWEETWN2,WND24
SWEETWN3_3,SWEETWN3,WND3A
SWEETWN3_3,SWEETWN3,WND3B
SWEETWND_1,SWEETWND,WND1
SWOOSE1_U1,SWOOSE1,SWOOSEU1
SWOOSEII_RN,SWOOSEII,BESS1
SWTWN4_WND45,MARYNEAL,UNIT1
SWTWN4_WND45,SWEETWN4,WND4A
SWTWN4_WND45,SWEETWN4,WND4B
SWTWN4_WND45,SWEETWN5,WND5
SWT_BESS_RN,SWT_BESS,UNIT1
S_HILLS_RN,S_HILLS,UNIT1
TAHOKA_ALL,SAGEDRAW,UNIT1
TAHOKA_ALL,SAGEDRAW,UNIT2
TAHOKA_ALL,TAHOKA,UNIT_1
TAHOKA_ALL,TAHOKA,UNIT_2
TAV_RN,TAV,UNIT1
TAV_RN,TAV,UNIT2
TAYGETE2_ALL,TAYGETE2,UNIT1
TAYGETE2_ALL,TAYGETE2,UNIT2
TAYGETE_ALL,TAYGETE,UNIT1
TAYGETE_ALL,TAYGETE,UNIT2
TC_TCHP1,TC,TCHP1
TEN_CT1_STG,TEN,CT1
TEN_CT1_STG,TEN,STG
TGCCS_ALL,TGCCS,CT1
TGCCS_ALL,TGCCS,CT2
TGCCS_ALL,TGCCS,CT3
TGCCS_ALL,TGCCS,UNIT4
TGS_GT01,TGS,GT01
TGW_T1_T2,TGW,T1
TGW_T1_T2,TGW,T2
THW_1_CCU,THW,THWGT31
THW_1_CCU,THW,THWGT32
THW_1_CCU,THW,THWGT33
THW_1_CCU,THW,THWGT34
THW_1_CCU,THW,THWST_3
THW_2_CCU,THW,THWGT41
THW_2_CCU,THW,THWGT42
THW_2_CCU,THW,THWGT43
THW_2_CCU,THW,THWGT44
THW_2_CCU,THW,THWST_4
THW_THWGT5X,THW,THWGT51
THW_THWGT5X,THW,THWGT52
THW_THWGT5X,THW,THWGT53
THW_THWGT5X,THW,THWGT54
THW_THWGT5X,THW,THWGT55
THW_THWGT5X,THW,THWGT56
THW_THWGT_1,THW,THWGT_1
TI_SOLAR_ALL,TI_SOLAR,UNIT1
TI_SOLAR_ALL,TI_SOLAR,UNIT2
TKWSW_CHAMP,CHAMPION,UNIT1
TKWSW_ROSCOE,TKWSW1,ROSCOE
TKWSW_ROSCOE,TKWSW1,ROSCOE2A
TNP_TNP_O_1,TNP_ONE,TNP_O_1
TNP_TNP_O_2,TNP_ONE,TNP_O_2
TNSKA_CCU,TNSKA,GT1
TNSKA_CCU,TNSKA,GT2
TNSKA_CCU,TNSKA,STG
TOPAZ_ALL,TOPAZ,UNIT1
TOPAZ_ALL,TOPAZ,UNIT10
TOPAZ_ALL,TOPAZ,UNIT2
TOPAZ_ALL,TOPAZ,UNIT3
TOPAZ_ALL,TOPAZ,UNIT4
TOPAZ_ALL,TOPAZ,UNIT5
TOPAZ_ALL,TOPAZ,UNIT6
TOPAZ_ALL,TOPAZ,UNIT7
TOPAZ_ALL,TOPAZ,UNIT8
TOPAZ_ALL,TOPAZ,UNIT9
TORR_ALL,TORR,UNIT1_25
TORR_ALL,TORR,UNIT2_23
TORR_ALL,TORR,UNIT2_25
TOYAH_RN,TOYAH,BESS
TRENT_TRENT,TRENT,TRENT
TRENT_TRENT,TRENT,UNIT_1B
TRENT_TRENT,TRENT,UNIT_2
TRENT_TRENT,TRENT,UNIT_3A
TRENT_TRENT,TRENT,UNIT_3B
TRINITY_ALL,TRINITY,TH1_BUS1
TRINITY_ALL,TRINITY,TH1_BUS2
TRIPBUT1_RN,TRIPBUT1,BELU1
TRSES_UNIT6,TRSES,UNIT6
TRUENO_ALL,TRUENO,UNIT1
TRUENO_ALL,TRUENO,UNIT2
TRUSGILL_RN,TRUSGILL,UNIT1
TRUSGILL_RN,TRUSGILL,UNIT2
TRUSGILL_RN,TRUSGILL,UNIT3
TRUSGILL_RN,TRUSGILL,UNIT4
TTRSW_RN,DELILA_1,G1
TTRSW_RN,DELILA_1,G2
TTWEC_G1,TTWEC,G1
TURQ_BESS1,TURQBESS,BESS1
TXCTY_CTA,TXCTY,CTA
TXCTY_CTB,TXCTY,CTB
TXCTY_CTC,TXCTY,CTC
TXCTY_ST,TXCTY,ST
TYLRWIND_RN,TYLRWIND,UNIT1
T_CK_GT2_RN,TY_COOKE,GT2
T_CK_GT3_RN,TY_COOKE,GT3
UCC_UCC_C_2,UCC_COGN,UCC_C_2
VANCOURT_RN,VANCOURT,UNIT1
VENADO_ALL,VENADO,UNIT1
VENADO_ALL,VENADO,UNIT2
VERAWIND_ALL,VERAWIND,UNIT1
VERAWIND_ALL,VERAWIND,UNIT2
VERAWIND_ALL,VERAWIND,UNIT3
VERAWIND_ALL,VERAWIND,UNIT4
VERAWIND_ALL,VERAWIND,UNIT5
VERTIGO_UN1,VERTIGO,WIND_I
VICTPORT_RN,VICTPORT,CTG01
VICTPORT_RN,VICTPORT,CTG02
VICTPORT_RN,VICTPRT2,UNIT1
VICTPORT_RN,VICTPRT2,UNIT2
VIC_VICTORG5,VICTORIA,VICTORG5
VIC_VICTORG6,VICTORIA,VICTORG6
VISION_RN,VISION,UNIT1
VLSES_UNIT3,KMCHI,1CT101
VLSES_UNIT3,KMCHI,1CT201
VLSES_UNIT3,KMCHI,1ST
VLSES_UNIT3,KMCHI,2CT101
VLSES_UNIT3,KMCHI,2CT201
VLSES_UNIT3,KMCHI,2ST
VORT_ALL_RN,VORTEX,BESS1
VORT_ALL_RN,VORTEX,WIND1
VORT_ALL_RN,VORTEX,WIND2
VORT_ALL_RN,VORTEX,WIND3
VORT_ALL_RN,VORTEX,WIND4
WAKEWE_ALL,WAKEWE,G1
WAKEWE_ALL,WAKEWE,G2
WAP_WAPGT_1,WAP,WAPGT_1
WAP_WAP_G1,WAP,WAP_G1
WAP_WAP_G2,WAP,WAP_G2
WAP_WAP_G3,WAP,WAP_G3
WAP_WAP_G4,WAP,WAP_G4
WAP_WAP_G5,WAP,WAP_G5
WAP_WAP_G6,WAP,WAP_G6
WAP_WAP_G7,WAP,WAP_G7
WAP_WAP_G8,WAP,WAP_G8
WAYMARK_RN,WAYMARK,UNIT1
WCPP_CT1,WCPP,CT1
WCPP_CT2,WCPP,CT2
WCPP_ST1,WCPP,ST1
WEBBER_WS_T1,WEBBER_S,WSP1
WEC_WECG1,WEC,WECG1
WES_ALL,WES,UNIT1
WES_ALL,WES,UNIT2
WFCOGEN_13,WFCOGEN,UNIT1
WFCOGEN_13,WFCOGEN,UNIT3
WFCOGEN_24,WFCOGEN,UNIT2
WFCOGEN_24,WFCOGEN,UNIT4
WFTANK_ESS1,WFTANK,ESS1
WGU_RN,WGU,UNIT1
WHCCS2_4,WHCCS2,CT4
WHCCS2_5_6,WHCCS2,CT5
WHCCS2_5_6,WHCCS2,STG6
WHCCS_CT1_ST,WHCCS,CT1
WHCCS_CT1_ST,WHCCS,STG
WHCCS_CT2,WHCCS,CT2
WHITE_PT_UN1,MIDWIND,UNIT1
WHMESA_U1,WHMESA,UNIT1
WHMESA_U1,WHMESA,UNIT2_23
WHMESA_U1,WHMESA,UNIT2_28
WHMESA_U1,WHMESA,UNIT3_23
WHMESA_U1,WHMESA,UNIT3_28
WHTTAIL_WR1,WHTTAIL,WR1
WH_WIND_ALL,WH_WIND,UNIT1
WH_WIND_ALL,WH_WIND,UNIT2
WILDWIND_ALL,WILDWIND,UNIT1
WILDWIND_ALL,WILDWIND,UNIT2
WILDWIND_ALL,WILDWIND,UNIT3
WILDWIND_ALL,WILDWIND,UNIT4
WILDWIND_ALL,WILDWIND,UNIT5
WIPOPA_1_2,WIPOPA,WPP_G1
WIPOPA_1_2,WIPOPA,WPP_G2
WIPOPA_3_4,WIPOPA,WPP_G3
WIPOPA_3_4,WIPOPA,WPP_G4
WIR_WIRTZ_G1,WIRTZ,WIRTZ_G1
WIR_WIRTZ_G2,WIRTZ,WIRTZ_G2
WL_RANCH_RN,WL_RANCH,UNIT1
WNDTS2_UNIT1,WNDTHST2,UNIT1
WND_WHITNEY,WND,WHITNEY1
WND_WHITNEY,WND,WHITNEY2
WOODWRD1_RN,WOODWRD1,WOODWRD1
WOODWRD2_RN,WOODWRD2,WOODWRD2
WOV_BESS_RN,WOV_BESS,UNIT1
WRSBES_BESS1,WORSHAM,BESS1
W_PECO_UNIT1,W_PECOS,UNIT1
X443ESRN,X443ESS1,SWRI
YNG_WND_ALL,YNG_WND,UNIT1
YNG_WND_ALL,YNG_WND,UNIT2
YNG_WND_ALL,YNG_WND,UNIT3
